sampleIndex,numSkills,avgSkillLevel,expertCount,advancedCount,intermediateCount,beginnerCount,categoryCount,gapCount,testCount,avgTestScore,overallScore,certCount,careerLevelIndex,careerLevel,source
0,4,41.8,0,1,1,2,2,5,3,33.7,28.1,0,0,Junior,kaggle_derived
1,6,50.0,0,2,2,2,2,7,5,38.5,36.9,0,0,Junior,kaggle_derived
2,6,47.9,1,2,1,2,1,2,0,49.5,36.6,0,0,Junior,kaggle_derived
3,4,50.0,1,1,0,2,1,6,6,48.8,41.8,0,0,Junior,kaggle_derived
4,2,50.0,0,1,0,1,2,3,1,30.7,29.8,0,0,Junior,kaggle_derived
5,5,40.3,0,2,1,2,1,2,5,36.4,32.7,0,0,Junior,kaggle_derived
6,4,35.0,0,1,1,2,2,2,0,44.1,29.9,0,0,Junior,kaggle_derived
7,3,29.5,0,0,1,2,2,6,2,55.4,32.5,0,0,Junior,kaggle_derived
8,3,50.0,1,1,0,1,1,3,0,42.3,34.4,0,0,Junior,kaggle_derived
9,1,40.4,0,0,1,0,2,5,6,22.6,28.0,0,0,Junior,kaggle_derived
10,3,48.0,0,1,1,1,1,5,2,39.9,32.8,0,0,Junior,kaggle_derived
11,6,50.0,1,2,2,1,2,7,6,35.4,36.5,0,0,Junior,kaggle_derived
12,2,40.0,0,1,0,1,2,7,3,26.0,24.4,0,0,Junior,kaggle_derived
13,6,46.5,2,1,0,3,2,5,1,38.6,31.7,0,0,Junior,kaggle_derived
14,6,50.0,1,1,1,3,1,6,6,32.9,35.5,0,0,Junior,kaggle_derived
15,5,50.0,2,0,2,1,1,3,1,39.1,33.1,0,0,Junior,kaggle_derived
16,3,50.0,1,1,0,1,1,3,2,42.5,34.5,0,0,Junior,kaggle_derived
17,1,25.1,0,0,0,1,1,5,1,35.4,22.9,0,0,Junior,kaggle_derived
18,1,50.0,0,1,0,0,2,2,6,40.9,38.7,0,0,Junior,kaggle_derived
19,4,50.0,1,1,1,1,2,5,0,31.9,30.3,0,0,Junior,kaggle_derived
20,2,45.2,0,1,0,1,2,7,3,22.0,24.6,0,0,Junior,kaggle_derived
21,2,50.0,1,0,1,0,2,5,4,46.9,36.3,0,0,Junior,kaggle_derived
22,5,50.0,1,1,2,1,2,5,4,32.4,30.5,0,0,Junior,kaggle_derived
23,2,36.8,0,0,1,1,1,3,1,46.1,31.3,0,0,Junior,kaggle_derived
24,6,50.0,1,2,1,2,1,6,5,41.5,38.1,0,0,Junior,kaggle_derived
25,5,50.0,1,1,2,1,2,2,5,51.5,42.1,0,0,Junior,kaggle_derived
26,4,48.7,1,1,0,2,1,3,2,48.7,36.5,0,0,Junior,kaggle_derived
27,2,50.0,1,1,0,0,2,6,1,31.5,30.1,0,0,Junior,kaggle_derived
28,3,24.2,0,0,1,2,2,5,0,41.6,25.1,0,0,Junior,kaggle_derived
29,4,29.9,0,0,1,3,1,2,6,42.8,32.4,0,0,Junior,kaggle_derived
30,5,50.0,1,0,3,1,2,2,4,52.6,38.5,0,0,Junior,kaggle_derived
31,2,50.0,0,1,0,1,2,2,1,48.2,36.8,0,0,Junior,kaggle_derived
32,3,42.3,0,1,1,1,2,3,4,49.1,34.4,0,0,Junior,kaggle_derived
33,1,31.2,0,0,0,1,2,7,2,38.3,26.2,0,0,Junior,kaggle_derived
34,5,50.0,0,3,1,1,2,7,4,42.1,34.3,0,0,Junior,kaggle_derived
35,3,37.5,0,0,1,2,2,7,4,46.5,31.7,0,0,Junior,kaggle_derived
36,4,50.0,2,0,2,0,2,2,0,33.9,31.1,0,0,Junior,kaggle_derived
37,4,30.8,0,0,1,3,1,2,4,49.6,30.6,0,0,Junior,kaggle_derived
38,5,38.4,0,1,2,2,2,6,0,37.6,28.5,0,0,Junior,kaggle_derived
39,4,38.8,0,0,2,2,2,5,0,53.2,34.9,0,0,Junior,kaggle_derived
40,2,50.0,1,0,1,0,1,4,6,35.3,36.4,0,0,Junior,kaggle_derived
41,1,50.0,0,1,0,0,1,5,2,44.2,35.2,0,0,Junior,kaggle_derived
42,2,43.3,0,1,0,1,1,3,4,27.8,26.3,0,0,Junior,kaggle_derived
43,6,44.6,0,2,0,4,2,3,3,44.3,33.3,0,0,Junior,kaggle_derived
44,5,50.0,0,3,0,2,1,4,5,58.0,44.7,0,0,Junior,kaggle_derived
45,6,50.0,1,1,2,2,1,4,2,58.0,40.0,0,0,Junior,kaggle_derived
46,2,28.0,0,0,0,2,2,7,0,42.4,26.8,0,0,Junior,kaggle_derived
47,3,43.0,0,1,1,1,1,4,3,46.1,33.5,0,0,Junior,kaggle_derived
48,4,50.0,1,2,0,1,1,6,4,45.8,35.8,0,0,Junior,kaggle_derived
49,3,36.4,0,0,2,1,2,3,5,24.2,26.4,0,0,Junior,kaggle_derived
50,5,39.6,0,2,1,2,1,3,2,44.4,31.6,0,0,Junior,kaggle_derived
51,6,50.0,1,1,1,3,1,3,2,36.7,32.2,0,0,Junior,kaggle_derived
52,4,43.6,1,1,0,2,1,7,4,34.3,29.0,0,0,Junior,kaggle_derived
53,3,50.0,0,1,1,1,2,2,2,35.1,31.5,0,0,Junior,kaggle_derived
54,2,50.0,0,1,0,1,1,5,3,58.0,40.7,0,0,Junior,kaggle_derived
55,6,50.0,1,1,3,1,1,3,6,24.7,32.2,0,0,Junior,kaggle_derived
56,5,46.2,0,2,1,2,2,5,5,42.2,37.1,0,0,Junior,kaggle_derived
57,2,47.0,0,1,0,1,2,2,5,33.9,34.0,0,0,Junior,kaggle_derived
58,6,50.0,2,0,2,2,1,4,5,54.6,43.3,0,0,Junior,kaggle_derived
59,3,50.0,0,2,0,1,2,3,1,43.2,34.8,0,0,Junior,kaggle_derived
60,5,34.2,1,0,1,3,2,5,6,41.8,33.5,0,0,Junior,kaggle_derived
61,4,50.0,0,3,0,1,1,3,4,43.5,34.9,0,0,Junior,kaggle_derived
62,4,50.0,1,1,0,2,1,3,3,25.8,27.8,0,0,Junior,kaggle_derived
63,6,50.0,0,1,4,1,1,6,6,55.5,44.5,0,0,Junior,kaggle_derived
64,4,45.5,0,1,0,3,2,4,4,51.0,36.3,0,0,Junior,kaggle_derived
65,4,48.8,0,2,1,1,1,5,1,45.5,35.3,0,0,Junior,kaggle_derived
66,2,50.0,0,1,0,1,1,7,4,41.5,34.1,0,0,Junior,kaggle_derived
67,5,50.0,0,2,1,2,1,2,6,51.6,42.9,0,0,Junior,kaggle_derived
68,6,50.0,1,1,1,3,2,3,5,33.7,35.0,0,0,Junior,kaggle_derived
69,4,50.0,0,2,1,1,1,5,4,31.1,29.9,0,0,Junior,kaggle_derived
70,4,40.2,0,0,1,3,2,7,6,28.0,30.1,0,0,Junior,kaggle_derived
71,6,48.0,0,2,2,2,2,4,3,56.4,39.4,0,0,Junior,kaggle_derived
72,2,29.8,0,0,1,1,1,3,2,33.3,23.8,0,0,Junior,kaggle_derived
73,5,38.8,0,1,1,3,1,2,3,42.1,30.4,0,0,Junior,kaggle_derived
74,6,50.0,0,2,2,2,1,3,5,34.3,35.2,0,0,Junior,kaggle_derived
75,6,50.0,2,1,2,1,2,5,0,42.0,34.3,0,0,Junior,kaggle_derived
76,2,47.4,0,1,0,1,2,3,5,33.7,34.1,0,0,Junior,kaggle_derived
77,4,50.0,1,1,1,1,1,6,1,42.7,34.6,0,0,Junior,kaggle_derived
78,5,45.2,0,3,0,2,2,7,2,45.8,34.1,0,0,Junior,kaggle_derived
79,1,50.0,0,0,1,0,2,6,2,35.4,31.7,0,0,Junior,kaggle_derived
80,3,50.0,1,1,1,0,2,6,4,38.9,33.1,0,0,Junior,kaggle_derived
81,1,32.5,0,0,0,1,1,2,0,25.5,21.6,0,0,Junior,kaggle_derived
82,2,38.8,0,0,1,1,1,6,0,47.1,32.4,0,0,Junior,kaggle_derived
83,3,50.0,1,1,0,1,1,2,0,33.6,30.9,0,0,Junior,kaggle_derived
84,2,39.4,0,1,0,1,1,3,6,37.9,33.8,0,0,Junior,kaggle_derived
85,6,41.4,0,2,1,3,2,7,5,42.4,35.5,0,0,Junior,kaggle_derived
86,4,41.7,0,2,0,2,1,6,5,43.0,35.8,0,0,Junior,kaggle_derived
87,5,44.8,1,1,1,2,2,3,5,53.0,40.9,0,0,Junior,kaggle_derived
88,4,45.3,0,1,2,1,2,7,3,36.3,30.4,0,0,Junior,kaggle_derived
89,1,41.2,0,0,1,0,2,3,5,47.5,37.4,0,0,Junior,kaggle_derived
90,5,50.0,0,2,2,1,1,2,1,56.7,40.0,0,0,Junior,kaggle_derived
91,5,50.0,0,3,1,1,2,3,3,40.9,33.9,0,0,Junior,kaggle_derived
92,4,38.5,0,0,2,2,2,2,4,32.0,26.3,0,0,Junior,kaggle_derived
93,6,50.0,1,0,1,4,2,6,2,32.5,30.5,0,0,Junior,kaggle_derived
94,1,29.7,0,0,0,1,1,3,5,58.0,37.6,0,0,Junior,kaggle_derived
95,6,45.7,0,2,3,1,1,5,5,52.4,41.0,0,0,Junior,kaggle_derived
96,4,45.6,0,1,1,2,2,4,2,27.8,27.1,0,0,Junior,kaggle_derived
97,4,41.1,0,1,1,2,2,7,0,32.4,27.3,0,0,Junior,kaggle_derived
98,4,46.8,0,1,1,2,2,5,5,43.5,37.8,0,0,Junior,kaggle_derived
99,3,46.2,0,1,1,1,1,5,3,50.3,36.3,0,0,Junior,kaggle_derived
100,6,50.0,1,1,1,3,2,6,1,50.8,37.8,0,0,Junior,kaggle_derived
101,4,39.8,0,1,1,2,1,4,3,38.3,29.2,0,0,Junior,kaggle_derived
102,5,42.0,1,1,1,2,2,7,0,44.6,32.5,0,0,Junior,kaggle_derived
103,2,50.0,0,1,1,0,1,4,5,38.0,36.7,0,0,Junior,kaggle_derived
104,6,25.8,0,0,1,5,1,6,0,33.8,22.5,0,0,Junior,kaggle_derived
105,5,50.0,0,3,1,1,2,7,5,41.0,37.9,0,0,Junior,kaggle_derived
106,3,18.9,0,0,0,3,1,2,0,34.8,20.5,0,0,Junior,kaggle_derived
107,1,33.7,0,0,0,1,2,2,2,44.6,29.6,0,0,Junior,kaggle_derived
108,6,50.0,1,2,2,1,2,4,2,40.5,33.7,0,0,Junior,kaggle_derived
109,3,50.0,1,0,1,1,1,7,3,49.4,37.3,0,0,Junior,kaggle_derived
110,4,47.8,0,0,3,1,1,3,3,33.8,30.2,0,0,Junior,kaggle_derived
111,5,50.0,0,3,1,1,2,2,6,32.7,35.4,0,0,Junior,kaggle_derived
112,5,50.0,1,2,0,2,2,5,0,39.7,33.4,0,0,Junior,kaggle_derived
113,1,28.6,0,0,0,1,1,5,2,22.2,18.9,0,0,Junior,kaggle_derived
114,4,50.0,1,1,0,2,2,4,5,44.1,39.1,0,0,Junior,kaggle_derived
115,5,47.8,0,2,1,2,1,4,2,38.0,31.9,0,0,Junior,kaggle_derived
116,1,20.6,0,0,0,1,1,7,4,50.2,27.3,0,0,Junior,kaggle_derived
117,2,50.0,1,0,0,1,1,4,0,50.9,37.9,0,0,Junior,kaggle_derived
118,5,40.3,0,1,0,4,2,2,6,47.1,37.7,0,0,Junior,kaggle_derived
119,2,42.8,0,0,1,1,1,4,0,33.7,28.5,0,0,Junior,kaggle_derived
120,6,50.0,1,3,1,1,2,3,6,41.5,38.9,0,0,Junior,kaggle_derived
121,3,49.1,0,1,0,2,1,2,5,41.3,37.7,0,0,Junior,kaggle_derived
122,4,32.7,0,0,1,3,1,3,0,43.7,28.9,0,0,Junior,kaggle_derived
123,4,45.3,1,1,0,2,1,5,1,37.1,30.7,0,0,Junior,kaggle_derived
124,3,50.0,1,1,0,1,2,4,0,32.3,30.4,0,0,Junior,kaggle_derived
125,4,50.0,1,1,1,1,2,6,0,40.2,33.6,0,0,Junior,kaggle_derived
126,1,36.4,0,0,0,1,1,2,4,39.1,28.4,0,0,Junior,kaggle_derived
127,4,47.3,0,2,0,2,2,4,2,45.0,34.6,0,0,Junior,kaggle_derived
128,1,18.0,0,0,0,1,2,7,5,42.5,27.3,0,0,Junior,kaggle_derived
129,6,50.0,3,1,1,1,2,5,2,44.2,35.2,0,0,Junior,kaggle_derived
130,5,38.1,0,2,1,2,1,5,3,45.7,31.6,0,0,Junior,kaggle_derived
131,2,39.4,0,1,0,1,2,5,4,25.9,24.1,0,0,Junior,kaggle_derived
132,6,50.0,2,2,0,2,2,4,2,46.2,36.0,0,0,Junior,kaggle_derived
133,5,50.0,1,2,1,1,1,4,4,31.9,30.3,0,0,Junior,kaggle_derived
134,3,50.0,0,1,1,1,1,7,4,35.6,31.7,0,0,Junior,kaggle_derived
135,5,50.0,1,2,1,1,1,7,3,53.1,38.7,0,0,Junior,kaggle_derived
136,1,29.7,0,0,0,1,1,5,0,38.7,25.9,0,0,Junior,kaggle_derived
137,1,18.0,0,0,0,1,1,5,6,54.7,33.0,0,0,Junior,kaggle_derived
138,1,35.1,0,0,0,1,1,7,2,51.9,33.0,0,0,Junior,kaggle_derived
139,3,45.0,0,1,0,2,2,2,0,39.5,31.5,0,0,Junior,kaggle_derived
140,5,50.0,1,2,0,2,1,7,4,35.1,31.5,0,0,Junior,kaggle_derived
141,4,35.8,0,1,1,2,2,3,0,46.7,31.2,0,0,Junior,kaggle_derived
142,2,50.0,1,0,0,1,2,7,0,32.1,30.3,0,0,Junior,kaggle_derived
143,3,41.0,1,0,0,2,1,7,1,32.5,27.4,0,0,Junior,kaggle_derived
144,6,39.5,1,1,1,3,1,5,6,52.4,39.6,0,0,Junior,kaggle_derived
145,1,50.0,0,1,0,0,2,4,5,48.8,41.0,0,0,Junior,kaggle_derived
146,1,50.0,0,1,0,0,2,3,1,46.2,36.0,0,0,Junior,kaggle_derived
147,6,50.0,1,2,2,1,2,6,1,41.2,34.0,0,0,Junior,kaggle_derived
148,4,48.3,0,2,1,1,1,6,4,34.9,30.9,0,0,Junior,kaggle_derived
149,1,48.5,0,0,1,0,1,3,4,41.0,33.4,0,0,Junior,kaggle_derived
150,6,50.0,2,0,1,3,2,4,4,30.8,29.8,0,0,Junior,kaggle_derived
151,1,18.0,0,0,0,1,2,2,6,42.6,28.1,0,0,Junior,kaggle_derived
152,3,50.0,1,1,0,1,2,2,2,47.5,36.5,0,0,Junior,kaggle_derived
153,4,40.4,1,0,1,2,1,2,4,47.1,33.0,0,0,Junior,kaggle_derived
154,6,31.3,0,1,2,3,2,3,4,25.1,21.0,0,0,Junior,kaggle_derived
155,2,50.0,1,0,1,0,2,3,4,38.9,33.1,0,0,Junior,kaggle_derived
156,5,41.2,0,1,2,2,2,3,5,34.1,32.1,0,0,Junior,kaggle_derived
157,6,50.0,1,2,1,2,1,5,0,44.8,35.4,0,0,Junior,kaggle_derived
158,5,25.0,0,0,2,3,2,4,3,45.4,26.9,0,0,Junior,kaggle_derived
159,3,50.0,0,1,1,1,1,6,1,34.0,31.1,0,0,Junior,kaggle_derived
160,5,41.5,0,1,1,3,1,4,4,50.7,34.8,0,0,Junior,kaggle_derived
161,2,25.7,0,0,1,1,1,5,5,58.0,36.2,0,0,Junior,kaggle_derived
162,4,50.0,0,2,1,1,2,7,5,40.4,37.7,0,0,Junior,kaggle_derived
163,3,44.7,1,0,0,2,2,5,1,38.4,31.0,0,0,Junior,kaggle_derived
164,6,50.0,1,2,0,3,2,7,1,44.8,35.4,0,0,Junior,kaggle_derived
165,6,50.0,1,1,3,1,2,3,2,36.5,32.1,0,0,Junior,kaggle_derived
166,4,42.1,1,0,1,2,2,4,0,48.3,34.1,0,0,Junior,kaggle_derived
167,5,35.4,0,1,2,2,2,7,4,43.6,29.8,0,0,Junior,kaggle_derived
168,6,41.2,1,1,1,3,2,5,4,52.1,35.3,0,0,Junior,kaggle_derived
169,1,31.5,0,0,0,1,2,3,5,34.0,28.6,0,0,Junior,kaggle_derived
170,2,50.0,0,1,0,1,1,2,3,38.4,32.9,0,0,Junior,kaggle_derived
171,3,47.2,0,1,1,1,1,6,6,38.2,36.6,0,0,Junior,kaggle_derived
172,6,50.0,1,2,1,2,1,5,3,41.9,34.3,0,0,Junior,kaggle_derived
173,6,50.0,0,2,1,3,2,3,3,35.7,31.8,0,0,Junior,kaggle_derived
174,4,35.5,0,0,2,2,1,3,6,36.9,32.0,0,0,Junior,kaggle_derived
175,2,50.0,1,0,0,1,1,2,1,48.2,36.8,0,0,Junior,kaggle_derived
176,4,36.7,0,1,1,2,1,4,1,40.8,29.2,0,0,Junior,kaggle_derived
177,1,18.0,0,0,0,1,1,5,0,26.3,16.8,0,0,Junior,kaggle_derived
178,1,50.0,0,1,0,0,1,6,6,34.3,36.0,0,0,Junior,kaggle_derived
179,6,50.0,1,2,1,2,2,4,6,41.6,38.9,0,0,Junior,kaggle_derived
180,1,45.7,0,0,1,0,2,5,5,36.1,34.4,0,0,Junior,kaggle_derived
181,5,42.5,0,1,2,2,1,5,1,31.0,27.3,0,0,Junior,kaggle_derived
182,3,37.8,0,1,0,2,2,4,2,53.6,34.7,0,0,Junior,kaggle_derived
183,5,50.0,0,3,1,1,2,7,0,37.0,32.3,0,0,Junior,kaggle_derived
184,1,50.0,0,1,0,0,1,4,0,42.5,34.5,0,0,Junior,kaggle_derived
185,3,31.4,0,0,1,2,2,5,3,29.5,22.8,0,0,Junior,kaggle_derived
186,5,42.4,0,1,1,3,2,4,4,28.7,26.3,0,0,Junior,kaggle_derived
187,2,38.2,0,0,1,1,2,5,6,31.0,30.6,0,0,Junior,kaggle_derived
188,3,48.3,0,1,1,1,1,4,6,22.0,30.5,0,0,Junior,kaggle_derived
189,5,31.2,0,1,0,4,1,5,0,50.6,31.2,0,0,Junior,kaggle_derived
190,2,38.7,0,1,0,1,1,5,1,43.6,31.0,0,0,Junior,kaggle_derived
191,3,50.0,1,1,1,0,1,5,4,54.6,39.3,0,0,Junior,kaggle_derived
192,5,50.0,2,1,0,2,1,6,2,42.2,34.4,0,0,Junior,kaggle_derived
193,3,43.7,0,1,1,1,2,7,5,48.3,38.6,0,0,Junior,kaggle_derived
194,5,28.6,0,0,1,4,2,4,3,51.5,30.6,0,0,Junior,kaggle_derived
195,2,34.0,0,0,1,1,1,6,4,31.1,24.3,0,0,Junior,kaggle_derived
196,4,44.8,0,1,1,2,1,7,2,49.9,35.6,0,0,Junior,kaggle_derived
197,6,50.0,1,1,1,3,1,2,4,46.7,36.2,0,0,Junior,kaggle_derived
198,6,50.0,1,3,0,2,1,7,5,42.8,38.6,0,0,Junior,kaggle_derived
199,6,49.3,1,3,0,2,1,5,2,56.3,39.8,0,0,Junior,kaggle_derived
200,6,38.7,1,0,2,3,2,6,0,22.1,22.4,0,0,Junior,kaggle_derived
201,1,37.7,0,0,0,1,1,3,0,32.7,26.3,0,0,Junior,kaggle_derived
202,2,18.0,0,0,0,2,1,7,1,44.0,23.9,0,0,Junior,kaggle_derived
203,1,18.0,0,0,0,1,1,4,1,48.2,25.6,0,0,Junior,kaggle_derived
204,4,50.0,1,1,1,1,1,7,1,41.6,34.1,0,0,Junior,kaggle_derived
205,5,25.7,0,0,2,3,1,5,6,36.7,28.5,0,0,Junior,kaggle_derived
206,1,20.3,0,0,0,1,1,2,6,44.6,29.7,0,0,Junior,kaggle_derived
207,3,31.3,0,0,1,2,2,6,5,41.4,31.5,0,0,Junior,kaggle_derived
208,2,38.3,0,0,1,1,1,7,4,56.9,36.2,0,0,Junior,kaggle_derived
209,3,36.1,0,0,2,1,2,6,4,23.3,22.0,0,0,Junior,kaggle_derived
210,6,50.0,0,5,0,1,1,6,2,41.1,33.9,0,0,Junior,kaggle_derived
211,6,18.4,0,0,0,6,1,6,4,26.0,16.8,0,0,Junior,kaggle_derived
212,1,50.0,0,0,1,0,2,6,6,49.0,41.9,0,0,Junior,kaggle_derived
213,1,50.0,0,1,0,0,1,6,6,38.5,37.7,0,0,Junior,kaggle_derived
214,4,40.6,0,1,0,3,2,2,3,46.9,33.0,0,0,Junior,kaggle_derived
215,1,50.0,0,0,1,0,2,3,3,44.0,35.1,0,0,Junior,kaggle_derived
216,6,36.8,0,0,1,5,1,6,0,28.7,24.4,0,0,Junior,kaggle_derived
217,5,50.0,1,1,1,2,1,4,3,38.6,32.9,0,0,Junior,kaggle_derived
218,6,50.0,1,3,0,2,2,6,5,41.7,38.2,0,0,Junior,kaggle_derived
219,4,50.0,1,2,1,0,1,6,1,39.0,33.1,0,0,Junior,kaggle_derived
220,2,18.0,0,0,0,2,1,5,5,44.3,28.0,0,0,Junior,kaggle_derived
221,5,36.2,1,1,0,3,2,2,4,47.3,31.6,0,0,Junior,kaggle_derived
222,2,50.0,1,0,0,1,1,5,1,42.6,34.5,0,0,Junior,kaggle_derived
223,6,43.8,0,1,1,4,2,3,6,22.0,28.9,0,0,Junior,kaggle_derived
224,2,50.0,0,1,0,1,2,3,3,38.5,32.9,0,0,Junior,kaggle_derived
225,4,40.3,1,0,1,2,1,2,6,47.3,37.8,0,0,Junior,kaggle_derived
226,2,50.0,0,1,1,0,1,3,0,42.5,34.5,0,0,Junior,kaggle_derived
227,2,48.4,0,1,0,1,2,7,2,26.4,27.5,0,0,Junior,kaggle_derived
228,4,50.0,1,2,0,1,1,6,0,39.9,33.5,0,0,Junior,kaggle_derived
229,6,50.0,1,2,2,1,1,5,6,49.6,42.1,0,0,Junior,kaggle_derived
230,3,50.0,0,2,0,1,1,3,2,25.0,27.5,0,0,Junior,kaggle_derived
231,4,50.0,1,1,1,1,1,5,6,44.4,40.1,0,0,Junior,kaggle_derived
232,3,50.0,0,2,0,1,2,3,3,57.2,40.4,0,0,Junior,kaggle_derived
233,4,41.6,0,1,1,2,1,4,1,52.6,35.6,0,0,Junior,kaggle_derived
234,5,50.0,0,3,1,1,1,4,5,39.3,37.2,0,0,Junior,kaggle_derived
235,4,50.0,1,2,1,0,2,5,4,34.0,31.1,0,0,Junior,kaggle_derived
236,6,40.6,1,1,1,3,2,6,5,27.7,29.3,0,0,Junior,kaggle_derived
237,1,20.7,0,0,0,1,2,6,5,34.8,25.2,0,0,Junior,kaggle_derived
238,2,50.0,0,1,0,1,2,2,3,47.9,36.7,0,0,Junior,kaggle_derived
239,5,39.9,1,1,0,3,1,7,3,40.9,30.3,0,0,Junior,kaggle_derived
240,1,18.0,0,0,0,1,2,6,4,39.9,22.3,0,0,Junior,kaggle_derived
241,5,50.0,1,1,1,2,1,3,5,40.6,37.7,0,0,Junior,kaggle_derived
242,2,50.0,0,1,0,1,2,5,0,27.0,28.3,0,0,Junior,kaggle_derived
243,5,21.9,0,1,0,4,2,2,2,36.6,22.3,0,0,Junior,kaggle_derived
244,3,50.0,0,2,0,1,1,3,6,42.3,39.2,0,0,Junior,kaggle_derived
245,1,50.0,0,1,0,0,1,2,1,42.9,34.7,0,0,Junior,kaggle_derived
246,5,50.0,0,3,1,1,2,3,5,52.0,42.3,0,0,Junior,kaggle_derived
247,5,48.8,0,2,0,3,2,4,4,48.4,36.4,0,0,Junior,kaggle_derived
248,4,50.0,1,1,1,1,1,6,4,40.7,33.8,0,0,Junior,kaggle_derived
249,1,50.0,0,1,0,0,2,6,0,35.3,31.6,0,0,Junior,kaggle_derived
250,5,31.0,0,1,0,4,1,4,2,52.3,31.8,0,0,Junior,kaggle_derived
251,6,50.0,1,1,2,2,2,4,2,47.2,36.4,0,0,Junior,kaggle_derived
252,6,25.1,0,0,2,4,2,3,1,58.0,32.0,0,0,Junior,kaggle_derived
253,2,43.9,0,1,0,1,1,5,4,45.1,33.4,0,0,Junior,kaggle_derived
254,1,18.0,0,0,0,1,2,4,6,35.7,25.4,0,0,Junior,kaggle_derived
255,5,42.8,0,2,0,3,2,6,3,30.3,27.1,0,0,Junior,kaggle_derived
256,5,50.0,1,2,0,2,1,6,6,43.7,39.8,0,0,Junior,kaggle_derived
257,4,33.5,0,0,1,3,2,3,6,46.1,35.0,0,0,Junior,kaggle_derived
258,5,50.0,1,2,0,2,1,5,4,43.4,34.9,0,0,Junior,kaggle_derived
259,5,33.8,0,1,1,3,2,6,3,35.2,25.9,0,0,Junior,kaggle_derived
260,3,36.3,0,1,0,2,2,7,4,46.1,31.1,0,0,Junior,kaggle_derived
261,6,36.8,0,2,1,3,1,4,0,43.3,30.2,0,0,Junior,kaggle_derived
262,5,50.0,0,3,1,1,1,6,5,40.9,37.9,0,0,Junior,kaggle_derived
263,6,36.1,0,0,2,4,1,3,1,42.9,29.8,0,0,Junior,kaggle_derived
264,6,42.2,1,1,1,3,2,5,4,39.4,30.5,0,0,Junior,kaggle_derived
265,2,18.0,0,0,0,2,1,3,1,31.4,18.9,0,0,Junior,kaggle_derived
266,3,31.6,0,1,0,2,1,2,1,45.3,29.2,0,0,Junior,kaggle_derived
267,3,35.8,0,0,1,2,1,7,0,44.5,30.3,0,0,Junior,kaggle_derived
268,6,49.6,0,3,1,2,1,2,4,22.0,26.2,0,0,Junior,kaggle_derived
269,5,50.0,1,1,0,3,2,7,4,47.4,36.5,0,0,Junior,kaggle_derived
270,4,29.4,0,0,2,2,2,4,5,37.3,29.2,0,0,Junior,kaggle_derived
271,4,33.7,0,1,1,2,2,7,6,35.9,31.0,0,0,Junior,kaggle_derived
272,3,43.7,0,1,1,1,2,4,6,43.8,37.6,0,0,Junior,kaggle_derived
273,2,45.1,0,1,0,1,2,6,1,34.7,29.7,0,0,Junior,kaggle_derived
274,4,43.3,1,1,0,2,2,4,0,27.5,26.2,0,0,Junior,kaggle_derived
275,6,47.5,1,1,2,2,1,3,2,32.8,29.7,0,0,Junior,kaggle_derived
276,2,50.0,0,1,0,1,1,7,3,54.1,39.1,0,0,Junior,kaggle_derived
277,3,21.4,0,0,1,2,2,2,0,42.8,24.6,0,0,Junior,kaggle_derived
278,2,32.8,0,0,1,1,1,3,6,45.3,34.4,0,0,Junior,kaggle_derived
279,1,28.3,0,0,0,1,1,3,0,39.2,25.6,0,0,Junior,kaggle_derived
280,12,54.9,4,2,1,5,5,3,4,56.2,41.7,0,1,Mid-Level,kaggle_derived
281,10,46.9,1,3,1,5,2,3,9,54.1,48.3,1,1,Mid-Level,kaggle_derived
282,10,54.6,2,4,1,3,5,4,8,71.3,54.0,0,1,Mid-Level,kaggle_derived
283,6,54.9,2,1,1,2,2,4,4,54.0,40.8,0,1,Mid-Level,kaggle_derived
284,9,42.0,1,2,1,5,3,2,15,57.0,52.5,1,1,Mid-Level,kaggle_derived
285,4,42.0,0,2,0,2,4,0,9,48.7,47.4,2,1,Mid-Level,kaggle_derived
286,8,42.0,2,1,1,4,3,2,11,63.8,55.0,2,1,Mid-Level,kaggle_derived
287,8,43.8,1,1,3,3,2,2,4,61.2,42.8,1,1,Mid-Level,kaggle_derived
288,9,42.0,0,1,3,5,5,0,4,59.8,44.6,2,1,Mid-Level,kaggle_derived
289,10,70.0,5,3,1,1,4,1,11,68.1,60.5,0,1,Mid-Level,kaggle_derived
290,5,53.5,0,3,1,1,2,2,4,49.2,38.4,0,1,Mid-Level,kaggle_derived
291,12,68.3,1,8,1,2,3,2,13,70.4,65.5,1,1,Mid-Level,kaggle_derived
292,5,42.0,0,1,0,4,3,0,12,72.4,56.3,1,1,Mid-Level,kaggle_derived
293,12,42.0,2,2,1,7,5,3,3,62.7,42.8,1,1,Mid-Level,kaggle_derived
294,12,59.7,4,0,6,2,2,2,16,48.0,55.9,1,1,Mid-Level,kaggle_derived
295,7,52.4,0,3,2,2,2,2,9,58.8,55.1,2,1,Mid-Level,kaggle_derived
296,10,59.8,2,3,4,1,5,4,11,50.4,55.9,2,1,Mid-Level,kaggle_derived
297,11,66.1,4,2,3,2,4,1,8,61.7,60.2,2,1,Mid-Level,kaggle_derived
298,4,60.4,1,1,1,1,2,0,9,54.6,53.2,1,1,Mid-Level,kaggle_derived
299,12,52.5,3,3,1,5,2,3,8,76.1,55.2,0,1,Mid-Level,kaggle_derived
300,9,67.2,5,1,1,2,5,3,16,60.9,60.7,0,1,Mid-Level,kaggle_derived
301,6,42.0,0,2,1,3,4,2,8,60.5,51.3,2,1,Mid-Level,kaggle_derived
302,10,42.0,1,3,0,6,4,3,6,54.3,41.2,0,1,Mid-Level,kaggle_derived
303,10,68.0,3,2,3,2,5,2,9,70.8,62.3,1,1,Mid-Level,kaggle_derived
304,12,42.0,1,1,3,7,2,4,6,62.9,44.7,0,1,Mid-Level,kaggle_derived
305,7,59.8,3,1,0,3,2,3,3,64.6,46.8,0,1,Mid-Level,kaggle_derived
306,11,54.2,1,4,4,2,5,3,15,59.8,60.9,2,1,Mid-Level,kaggle_derived
307,4,54.5,0,2,1,1,5,2,10,64.1,55.7,1,1,Mid-Level,kaggle_derived
308,9,52.1,0,5,2,2,4,2,8,72.0,59.4,2,1,Mid-Level,kaggle_derived
309,11,44.4,2,3,1,5,3,0,5,72.4,54.5,2,1,Mid-Level,kaggle_derived
310,8,43.5,0,1,3,4,4,4,7,68.4,48.2,0,1,Mid-Level,kaggle_derived
311,9,43.9,0,1,4,4,5,2,11,71.2,52.6,0,1,Mid-Level,kaggle_derived
312,12,57.5,2,3,2,5,3,4,15,57.0,54.9,0,1,Mid-Level,kaggle_derived
313,9,42.0,1,1,4,3,5,2,11,66.4,53.1,1,1,Mid-Level,kaggle_derived
314,8,62.8,3,2,1,2,5,3,7,58.1,56.8,2,1,Mid-Level,kaggle_derived
315,11,53.1,1,4,2,4,3,0,4,66.1,48.0,1,1,Mid-Level,kaggle_derived
316,10,53.1,3,1,2,4,2,4,13,60.5,56.2,1,1,Mid-Level,kaggle_derived
317,8,60.7,3,2,1,2,3,4,7,66.5,53.4,0,1,Mid-Level,kaggle_derived
318,5,42.0,1,0,1,3,4,0,5,59.4,42.5,0,1,Mid-Level,kaggle_derived
319,6,42.0,0,0,2,4,3,1,14,63.5,54.3,1,1,Mid-Level,kaggle_derived
320,9,56.0,1,3,1,4,5,0,6,73.6,53.8,0,1,Mid-Level,kaggle_derived
321,6,64.4,2,1,1,2,4,4,15,75.8,64.9,0,1,Mid-Level,kaggle_derived
322,9,47.5,1,2,1,5,3,4,16,50.6,55.7,2,1,Mid-Level,kaggle_derived
323,5,44.6,1,1,1,2,5,0,8,57.7,51.1,2,1,Mid-Level,kaggle_derived
324,12,44.2,1,1,1,9,4,0,4,61.1,45.9,2,1,Mid-Level,kaggle_derived
325,4,47.8,1,0,0,3,2,4,14,57.1,56.8,2,1,Mid-Level,kaggle_derived
326,6,46.1,1,1,1,3,4,3,16,60.3,53.1,0,1,Mid-Level,kaggle_derived
327,7,48.2,0,2,2,3,3,0,12,78.0,60.7,1,1,Mid-Level,kaggle_derived
328,11,45.6,3,1,2,5,5,3,15,58.6,54.4,1,1,Mid-Level,kaggle_derived
329,6,47.6,0,2,2,2,3,3,9,61.4,51.4,1,1,Mid-Level,kaggle_derived
330,8,62.3,4,1,1,2,4,1,9,63.7,57.5,1,1,Mid-Level,kaggle_derived
331,11,42.0,1,2,1,7,5,2,3,57.0,40.5,1,1,Mid-Level,kaggle_derived
332,6,51.4,1,1,1,3,4,1,15,60.8,57.3,1,1,Mid-Level,kaggle_derived
333,11,42.0,0,3,1,7,5,2,9,56.6,50.5,2,1,Mid-Level,kaggle_derived
334,11,61.1,1,5,2,3,2,3,13,74.2,67.5,2,1,Mid-Level,kaggle_derived
335,8,50.4,2,1,1,4,4,1,11,72.6,61.5,2,1,Mid-Level,kaggle_derived
336,7,52.8,1,2,1,3,3,4,13,75.9,62.2,1,1,Mid-Level,kaggle_derived
337,7,42.0,0,2,1,4,4,0,16,63.6,52.9,0,1,Mid-Level,kaggle_derived
338,11,56.1,3,1,1,6,2,1,6,55.2,46.5,0,1,Mid-Level,kaggle_derived
339,5,54.3,1,1,1,2,4,2,14,52.4,51.2,0,1,Mid-Level,kaggle_derived
340,6,61.4,2,1,2,1,4,2,7,77.6,61.1,1,1,Mid-Level,kaggle_derived
341,4,48.2,0,1,2,1,5,2,16,55.9,58.0,2,1,Mid-Level,kaggle_derived
342,11,42.0,1,0,2,8,4,0,13,55.9,50.5,1,1,Mid-Level,kaggle_derived
343,9,55.6,0,7,0,2,5,1,13,56.1,55.3,1,1,Mid-Level,kaggle_derived
344,11,46.2,1,1,4,5,4,4,11,68.2,52.2,0,1,Mid-Level,kaggle_derived
345,7,57.8,2,0,3,2,4,3,5,52.6,51.3,2,1,Mid-Level,kaggle_derived
346,4,48.8,0,1,1,2,5,1,11,53.6,53.3,2,1,Mid-Level,kaggle_derived
347,6,55.7,1,1,1,3,4,3,6,64.2,53.0,1,1,Mid-Level,kaggle_derived
348,4,42.0,0,0,1,3,3,4,5,57.9,44.9,1,1,Mid-Level,kaggle_derived
349,4,56.6,1,1,0,2,5,1,11,57.6,54.7,1,1,Mid-Level,kaggle_derived
350,7,58.6,2,2,1,2,5,2,10,63.9,54.1,0,1,Mid-Level,kaggle_derived
351,9,46.3,1,1,2,5,5,0,15,74.9,64.2,2,1,Mid-Level,kaggle_derived
352,4,42.0,0,1,1,2,4,0,8,53.9,45.7,1,1,Mid-Level,kaggle_derived
353,7,54.9,1,3,2,1,5,1,16,62.2,56.9,0,1,Mid-Level,kaggle_derived
354,10,49.3,1,3,2,4,2,2,16,70.1,64.1,2,1,Mid-Level,kaggle_derived
355,10,70.0,4,3,2,1,2,4,15,65.0,68.5,2,1,Mid-Level,kaggle_derived
356,10,50.1,1,3,1,5,5,3,3,66.2,44.0,0,1,Mid-Level,kaggle_derived
357,4,58.8,2,1,0,1,2,4,5,68.6,55.0,1,1,Mid-Level,kaggle_derived
358,5,50.2,1,1,1,2,2,1,10,57.6,54.6,2,1,Mid-Level,kaggle_derived
359,5,42.0,0,1,0,4,5,4,9,63.2,50.2,1,1,Mid-Level,kaggle_derived
360,10,66.7,4,2,1,3,4,2,16,68.3,66.5,1,1,Mid-Level,kaggle_derived
361,8,49.7,2,2,1,3,2,3,14,59.7,58.5,2,1,Mid-Level,kaggle_derived
362,12,68.1,4,3,2,3,4,4,14,64.0,60.6,0,1,Mid-Level,kaggle_derived
363,7,64.2,0,5,0,2,5,1,9,53.4,57.0,2,1,Mid-Level,kaggle_derived
364,8,55.6,4,1,0,3,4,1,3,77.0,56.3,2,1,Mid-Level,kaggle_derived
365,9,53.1,0,4,2,3,2,2,15,49.7,50.5,0,1,Mid-Level,kaggle_derived
366,10,52.1,4,1,1,4,4,0,6,56.9,45.8,0,1,Mid-Level,kaggle_derived
367,11,55.8,2,4,1,4,5,4,16,48.0,54.5,1,1,Mid-Level,kaggle_derived
368,10,42.2,0,3,4,3,3,4,12,61.5,55.0,2,1,Mid-Level,kaggle_derived
369,10,51.2,1,3,1,5,3,4,14,60.6,59.4,2,1,Mid-Level,kaggle_derived
370,5,59.7,1,2,1,1,2,4,6,68.2,59.0,2,1,Mid-Level,kaggle_derived
371,11,57.0,1,5,1,4,3,0,15,60.4,56.1,0,1,Mid-Level,kaggle_derived
372,8,45.6,1,1,2,4,5,3,16,67.7,55.8,0,1,Mid-Level,kaggle_derived
373,5,42.0,1,0,1,3,2,1,6,52.3,40.4,0,1,Mid-Level,kaggle_derived
374,7,43.2,2,0,1,4,4,1,3,66.3,44.6,1,1,Mid-Level,kaggle_derived
375,9,70.0,5,2,1,1,4,3,15,59.2,60.2,0,1,Mid-Level,kaggle_derived
376,9,60.1,3,2,2,2,4,3,5,56.9,53.8,2,1,Mid-Level,kaggle_derived
377,8,52.3,2,1,2,3,5,0,13,65.0,60.7,2,1,Mid-Level,kaggle_derived
378,8,42.0,0,1,2,5,3,4,12,58.8,53.8,2,1,Mid-Level,kaggle_derived
379,12,59.4,2,5,3,2,2,1,5,55.2,46.9,0,1,Mid-Level,kaggle_derived
380,9,60.8,4,0,3,2,4,3,9,71.0,56.9,0,1,Mid-Level,kaggle_derived
381,11,42.0,2,1,1,7,2,0,15,73.2,56.0,0,1,Mid-Level,kaggle_derived
382,5,42.0,0,1,1,3,5,4,14,73.9,61.5,2,1,Mid-Level,kaggle_derived
383,6,55.9,1,2,1,2,2,3,10,55.1,55.6,2,1,Mid-Level,kaggle_derived
384,9,42.1,0,2,1,6,5,1,14,66.9,52.7,0,1,Mid-Level,kaggle_derived
385,4,42.0,1,0,0,3,2,4,6,48.0,44.7,2,1,Mid-Level,kaggle_derived
386,12,64.0,2,5,3,2,4,4,8,49.0,48.4,0,1,Mid-Level,kaggle_derived
387,11,63.0,6,0,1,4,4,0,5,59.2,52.7,1,1,Mid-Level,kaggle_derived
388,9,42.0,0,2,2,5,2,3,11,51.0,46.9,1,1,Mid-Level,kaggle_derived
389,4,49.6,1,0,0,3,4,4,16,60.7,60.4,2,1,Mid-Level,kaggle_derived
390,6,56.8,1,1,2,2,5,4,9,63.9,52.6,0,1,Mid-Level,kaggle_derived
391,12,53.2,1,4,2,5,2,2,13,60.5,56.2,1,1,Mid-Level,kaggle_derived
392,11,44.9,2,2,1,6,5,0,13,61.9,50.9,0,1,Mid-Level,kaggle_derived
393,8,49.0,2,1,1,4,3,3,16,58.7,59.4,2,1,Mid-Level,kaggle_derived
394,7,49.1,1,2,2,2,4,1,7,69.9,53.7,1,1,Mid-Level,kaggle_derived
395,8,48.1,1,2,2,3,4,4,13,61.6,51.9,0,1,Mid-Level,kaggle_derived
396,6,42.0,0,1,2,3,3,3,12,55.3,52.4,2,1,Mid-Level,kaggle_derived
397,8,58.2,2,1,0,5,4,2,12,60.9,54.3,0,1,Mid-Level,kaggle_derived
398,7,70.0,6,1,0,0,2,1,5,52.2,55.4,2,1,Mid-Level,kaggle_derived
399,9,70.0,1,5,2,1,2,1,14,76.6,72.3,2,1,Mid-Level,kaggle_derived
400,8,57.1,0,3,3,2,5,2,10,58.8,51.5,0,1,Mid-Level,kaggle_derived
401,5,70.0,3,1,0,1,5,3,10,61.8,60.2,1,1,Mid-Level,kaggle_derived
402,12,42.0,0,2,2,8,5,2,8,75.0,54.1,1,1,Mid-Level,kaggle_derived
403,6,50.9,1,2,1,2,4,4,12,60.5,54.6,1,1,Mid-Level,kaggle_derived
404,7,42.0,1,1,1,4,3,0,12,67.1,51.1,0,1,Mid-Level,kaggle_derived
405,6,42.0,0,1,3,2,4,3,9,49.2,41.6,0,1,Mid-Level,kaggle_derived
406,11,66.3,4,4,1,2,2,0,6,76.5,58.6,0,1,Mid-Level,kaggle_derived
407,5,63.1,1,2,1,1,4,3,16,63.8,63.4,1,1,Mid-Level,kaggle_derived
408,11,70.0,6,1,1,3,4,4,16,61.6,61.9,0,1,Mid-Level,kaggle_derived
409,12,50.8,2,3,4,3,4,4,9,56.1,50.4,1,1,Mid-Level,kaggle_derived
410,7,47.0,0,3,1,3,4,3,11,66.0,57.7,2,1,Mid-Level,kaggle_derived
411,8,57.9,1,3,3,1,2,1,14,48.0,56.7,2,1,Mid-Level,kaggle_derived
412,9,48.1,1,3,2,3,3,3,13,68.5,54.6,0,1,Mid-Level,kaggle_derived
413,8,63.3,4,1,1,2,4,0,11,61.2,61.4,2,1,Mid-Level,kaggle_derived
414,6,61.6,3,1,0,2,5,0,13,69.5,59.8,0,1,Mid-Level,kaggle_derived
415,10,42.0,1,3,2,4,4,0,15,63.3,55.0,1,1,Mid-Level,kaggle_derived
416,5,46.4,0,1,1,3,3,2,9,69.6,57.3,2,1,Mid-Level,kaggle_derived
417,9,66.2,4,2,1,2,3,2,3,68.3,56.5,2,1,Mid-Level,kaggle_derived
418,8,57.7,3,1,2,2,4,1,10,65.4,54.4,0,1,Mid-Level,kaggle_derived
419,12,50.7,1,4,1,6,5,3,3,69.1,51.4,2,1,Mid-Level,kaggle_derived
420,7,42.7,0,2,2,3,3,1,6,76.9,50.5,0,1,Mid-Level,kaggle_derived
421,7,42.0,1,0,1,5,4,4,10,56.6,48.3,1,1,Mid-Level,kaggle_derived
422,6,46.9,1,1,1,3,5,2,16,52.5,50.2,0,1,Mid-Level,kaggle_derived
423,10,55.5,2,2,3,3,4,2,13,58.0,59.0,2,1,Mid-Level,kaggle_derived
424,9,42.1,0,1,4,4,5,4,16,62.8,55.7,1,1,Mid-Level,kaggle_derived
425,8,59.0,3,1,1,3,5,0,5,58.5,54.0,2,1,Mid-Level,kaggle_derived
426,8,51.9,1,1,2,4,5,1,11,68.3,57.3,1,1,Mid-Level,kaggle_derived
427,7,62.9,3,1,2,1,3,0,9,69.1,62.9,2,1,Mid-Level,kaggle_derived
428,7,51.7,1,1,2,3,3,2,9,54.3,47.0,0,1,Mid-Level,kaggle_derived
429,12,42.0,0,3,3,6,4,1,10,58.1,51.9,2,1,Mid-Level,kaggle_derived
430,10,53.2,2,1,2,5,5,1,10,69.1,57.3,1,1,Mid-Level,kaggle_derived
431,5,52.3,0,2,2,1,4,2,12,65.0,59.9,2,1,Mid-Level,kaggle_derived
432,6,50.4,0,3,2,1,3,4,9,63.7,56.3,2,1,Mid-Level,kaggle_derived
433,4,67.2,1,2,1,0,5,3,15,55.7,57.8,0,1,Mid-Level,kaggle_derived
434,7,57.4,3,0,1,3,2,3,7,58.6,49.1,0,1,Mid-Level,kaggle_derived
435,10,66.0,5,3,1,1,4,0,16,63.2,67.2,2,1,Mid-Level,kaggle_derived
436,8,42.0,0,4,1,3,4,4,4,63.5,46.1,2,1,Mid-Level,kaggle_derived
437,4,43.5,0,0,1,3,4,1,16,59.6,57.9,2,1,Mid-Level,kaggle_derived
438,4,42.0,0,2,0,2,4,2,4,60.7,42.0,1,1,Mid-Level,kaggle_derived
439,5,64.0,2,1,1,1,2,2,9,51.5,53.2,1,1,Mid-Level,kaggle_derived
440,4,42.0,0,1,1,2,3,1,7,71.9,52.1,1,1,Mid-Level,kaggle_derived
441,11,70.0,5,3,1,2,3,1,11,61.9,61.1,1,1,Mid-Level,kaggle_derived
442,6,62.1,2,2,1,1,5,0,10,70.2,60.8,1,1,Mid-Level,kaggle_derived
443,5,64.0,1,2,1,1,3,4,11,56.5,53.8,0,1,Mid-Level,kaggle_derived
444,11,42.0,1,2,4,4,2,3,14,63.8,51.4,0,1,Mid-Level,kaggle_derived
445,6,42.0,0,1,1,4,3,3,3,67.7,44.8,1,1,Mid-Level,kaggle_derived
446,11,43.2,0,5,1,5,3,3,10,78.0,60.3,2,1,Mid-Level,kaggle_derived
447,6,57.3,2,0,2,2,4,4,11,48.0,54.1,2,1,Mid-Level,kaggle_derived
448,8,47.6,0,3,2,3,2,2,4,60.8,47.0,2,1,Mid-Level,kaggle_derived
449,10,42.0,0,4,0,6,2,1,15,64.8,52.6,0,1,Mid-Level,kaggle_derived
450,7,48.8,2,1,1,3,4,1,7,69.0,56.3,2,1,Mid-Level,kaggle_derived
451,7,63.2,3,2,1,1,5,2,12,74.5,64.5,1,1,Mid-Level,kaggle_derived
452,7,50.5,1,2,1,3,4,4,7,69.8,54.2,1,1,Mid-Level,kaggle_derived
453,7,64.8,2,3,0,2,5,1,8,67.3,62.0,2,1,Mid-Level,kaggle_derived
454,7,60.8,2,1,3,1,3,0,8,65.8,60.0,2,1,Mid-Level,kaggle_derived
455,12,42.0,0,1,2,9,2,1,9,62.0,49.7,1,1,Mid-Level,kaggle_derived
456,12,59.0,3,4,3,2,5,2,12,67.1,60.1,1,1,Mid-Level,kaggle_derived
457,10,62.9,0,7,1,2,2,3,4,72.6,57.1,2,1,Mid-Level,kaggle_derived
458,10,63.2,1,5,2,2,3,0,4,61.2,46.6,0,1,Mid-Level,kaggle_derived
459,8,63.8,4,1,1,2,4,2,10,60.9,57.7,1,1,Mid-Level,kaggle_derived
460,11,42.0,1,2,1,7,5,4,10,63.0,50.9,1,1,Mid-Level,kaggle_derived
461,4,47.9,1,0,1,2,2,4,11,58.5,52.0,1,1,Mid-Level,kaggle_derived
462,11,65.3,5,1,1,4,4,0,4,77.0,59.7,2,1,Mid-Level,kaggle_derived
463,4,42.0,0,0,2,2,4,2,4,59.1,44.3,2,1,Mid-Level,kaggle_derived
464,10,43.2,1,2,4,3,4,3,11,61.4,48.5,0,1,Mid-Level,kaggle_derived
465,11,56.4,2,4,2,3,5,3,7,57.4,54.3,2,1,Mid-Level,kaggle_derived
466,4,42.0,0,1,1,2,4,4,4,61.9,45.5,2,1,Mid-Level,kaggle_derived
467,11,43.8,0,4,1,6,2,4,13,58.3,55.0,2,1,Mid-Level,kaggle_derived
468,6,59.3,1,2,1,2,5,0,15,69.5,63.6,1,1,Mid-Level,kaggle_derived
469,10,42.0,1,1,1,7,2,1,10,59.0,49.3,1,1,Mid-Level,kaggle_derived
470,7,56.0,3,1,1,2,5,0,15,68.5,59.0,0,1,Mid-Level,kaggle_derived
471,9,70.0,4,1,2,2,2,0,10,56.3,58.0,1,1,Mid-Level,kaggle_derived
472,9,47.0,1,2,2,4,2,1,5,56.4,49.0,2,1,Mid-Level,kaggle_derived
473,5,61.1,1,2,1,1,3,2,14,57.8,58.7,1,1,Mid-Level,kaggle_derived
474,7,51.0,1,1,3,2,3,1,10,64.1,54.5,1,1,Mid-Level,kaggle_derived
475,9,60.1,3,3,0,3,2,3,12,66.1,60.1,1,1,Mid-Level,kaggle_derived
476,12,63.5,5,1,2,4,2,2,13,69.9,60.6,0,1,Mid-Level,kaggle_derived
477,5,63.0,2,1,1,1,4,2,6,57.1,52.7,1,1,Mid-Level,kaggle_derived
478,9,49.7,2,2,2,3,4,2,11,60.8,53.5,1,1,Mid-Level,kaggle_derived
479,12,48.6,0,2,4,6,5,0,9,62.3,52.1,1,1,Mid-Level,kaggle_derived
480,11,47.7,1,1,3,6,2,1,4,51.6,40.3,1,1,Mid-Level,kaggle_derived
481,6,48.3,2,0,2,2,3,0,15,78.0,60.1,0,1,Mid-Level,kaggle_derived
482,8,44.6,0,2,2,4,4,1,6,74.0,50.0,0,1,Mid-Level,kaggle_derived
483,9,42.0,0,1,3,5,5,2,16,65.6,59.7,2,1,Mid-Level,kaggle_derived
484,5,63.4,1,2,2,0,5,4,10,69.8,61.1,1,1,Mid-Level,kaggle_derived
485,11,59.6,3,3,1,4,3,0,11,66.2,59.1,1,1,Mid-Level,kaggle_derived
486,7,54.4,2,1,0,4,2,3,6,53.7,48.3,1,1,Mid-Level,kaggle_derived
487,12,56.1,2,3,3,4,2,0,8,69.1,59.7,2,1,Mid-Level,kaggle_derived
488,4,68.9,2,1,0,1,5,1,15,54.3,60.8,1,1,Mid-Level,kaggle_derived
489,4,70.0,3,1,0,0,4,0,11,59.7,60.2,1,1,Mid-Level,kaggle_derived
490,5,57.0,2,0,0,3,5,4,5,61.7,54.6,2,1,Mid-Level,kaggle_derived
491,5,46.0,0,1,2,2,3,2,10,50.8,44.4,0,1,Mid-Level,kaggle_derived
492,4,42.0,0,1,1,2,4,3,14,58.5,55.3,2,1,Mid-Level,kaggle_derived
493,12,42.0,0,1,6,5,5,0,3,74.7,50.6,2,1,Mid-Level,kaggle_derived
494,6,42.2,1,1,1,3,3,3,16,58.3,50.9,0,1,Mid-Level,kaggle_derived
495,4,53.3,0,2,1,1,5,2,15,70.2,61.7,1,1,Mid-Level,kaggle_derived
496,5,65.0,2,2,0,1,5,0,12,64.7,58.2,0,1,Mid-Level,kaggle_derived
497,6,42.0,0,1,0,5,5,0,10,56.5,45.3,0,1,Mid-Level,kaggle_derived
498,5,58.9,1,2,1,1,5,3,10,49.2,54.3,2,1,Mid-Level,kaggle_derived
499,6,46.5,1,1,1,3,5,4,7,60.5,46.1,0,1,Mid-Level,kaggle_derived
500,11,42.0,1,1,5,4,5,2,10,58.7,52.2,2,1,Mid-Level,kaggle_derived
501,10,42.0,2,2,1,5,2,2,5,60.9,46.1,1,1,Mid-Level,kaggle_derived
502,5,60.0,2,0,0,3,5,3,14,62.0,60.0,1,1,Mid-Level,kaggle_derived
503,7,42.0,1,1,1,4,4,2,7,66.2,52.8,2,1,Mid-Level,kaggle_derived
504,12,49.7,0,4,2,6,5,1,15,64.1,61.0,2,1,Mid-Level,kaggle_derived
505,10,58.5,1,3,4,2,4,1,6,58.8,48.8,0,1,Mid-Level,kaggle_derived
506,5,42.0,1,0,2,2,4,0,14,55.4,51.1,1,1,Mid-Level,kaggle_derived
507,9,45.4,2,1,3,3,4,0,15,57.4,56.9,2,1,Mid-Level,kaggle_derived
508,5,68.0,2,2,0,1,4,2,15,63.2,67.1,2,1,Mid-Level,kaggle_derived
509,6,67.0,0,4,1,1,3,3,7,67.7,59.1,1,1,Mid-Level,kaggle_derived
510,10,66.8,1,7,1,1,5,2,12,61.9,60.7,1,1,Mid-Level,kaggle_derived
511,9,50.1,0,6,1,2,5,4,9,76.2,61.2,2,1,Mid-Level,kaggle_derived
512,9,67.0,2,3,2,2,2,2,10,70.5,59.7,0,1,Mid-Level,kaggle_derived
513,9,54.6,3,1,1,4,2,2,8,59.8,52.4,1,1,Mid-Level,kaggle_derived
514,4,45.1,0,1,0,3,4,0,13,63.4,57.5,2,1,Mid-Level,kaggle_derived
515,12,42.4,3,2,0,7,4,4,12,68.5,57.8,2,1,Mid-Level,kaggle_derived
516,10,64.9,5,1,1,3,2,2,4,58.9,52.3,2,1,Mid-Level,kaggle_derived
517,12,51.5,1,3,4,4,5,4,13,64.0,57.0,1,1,Mid-Level,kaggle_derived
518,8,67.8,2,2,3,1,5,3,13,64.9,66.1,2,1,Mid-Level,kaggle_derived
519,4,42.0,1,0,1,2,4,2,8,65.3,47.2,0,1,Mid-Level,kaggle_derived
520,4,53.9,1,1,1,1,5,1,5,59.7,46.7,0,1,Mid-Level,kaggle_derived
521,9,42.0,0,4,1,4,3,0,3,50.2,40.8,2,1,Mid-Level,kaggle_derived
522,12,55.9,1,5,2,4,3,0,11,57.9,51.5,0,1,Mid-Level,kaggle_derived
523,9,45.9,1,2,1,5,5,3,14,67.5,60.3,2,1,Mid-Level,kaggle_derived
524,4,47.1,0,1,1,2,4,3,14,58.7,57.2,2,1,Mid-Level,kaggle_derived
525,8,46.1,0,4,2,2,5,4,3,70.9,47.5,1,1,Mid-Level,kaggle_derived
526,9,56.8,3,1,3,2,3,1,3,60.4,47.0,1,1,Mid-Level,kaggle_derived
527,11,57.6,5,1,1,4,5,1,11,68.1,59.2,1,1,Mid-Level,kaggle_derived
528,4,53.7,1,2,0,1,3,2,3,53.6,46.2,2,1,Mid-Level,kaggle_derived
529,8,42.0,1,0,2,5,5,4,7,60.8,44.6,0,1,Mid-Level,kaggle_derived
530,8,60.8,2,4,1,1,3,3,12,72.0,59.7,0,1,Mid-Level,kaggle_derived
531,12,55.7,1,7,1,3,5,2,8,55.4,48.1,0,1,Mid-Level,kaggle_derived
532,9,54.0,0,4,2,3,2,0,12,56.6,57.1,2,1,Mid-Level,kaggle_derived
533,8,46.9,1,2,2,3,5,0,15,59.3,52.1,0,1,Mid-Level,kaggle_derived
534,7,45.4,1,1,1,4,4,1,15,62.5,55.9,1,1,Mid-Level,kaggle_derived
535,11,69.0,8,0,1,2,3,4,7,67.6,59.8,1,1,Mid-Level,kaggle_derived
536,4,48.1,0,1,1,2,2,4,8,70.7,57.5,2,1,Mid-Level,kaggle_derived
537,5,67.5,3,0,0,2,4,3,3,73.7,56.1,1,1,Mid-Level,kaggle_derived
538,5,45.2,1,0,0,4,2,3,16,65.8,60.9,2,1,Mid-Level,kaggle_derived
539,10,42.0,0,1,2,7,3,3,6,63.7,45.0,0,1,Mid-Level,kaggle_derived
540,8,55.7,0,3,2,3,4,4,3,65.2,48.6,1,1,Mid-Level,kaggle_derived
541,5,70.0,1,3,1,0,3,0,15,67.0,63.3,0,1,Mid-Level,kaggle_derived
542,4,42.0,1,1,0,2,4,0,9,55.2,44.0,0,1,Mid-Level,kaggle_derived
543,4,61.7,1,1,1,1,2,3,12,70.7,62.5,1,1,Mid-Level,kaggle_derived
544,8,53.0,2,2,2,2,2,1,3,66.0,48.0,1,1,Mid-Level,kaggle_derived
545,11,42.0,2,2,1,6,3,3,6,59.2,43.2,0,1,Mid-Level,kaggle_derived
546,11,54.7,4,1,3,3,3,0,3,58.4,45.5,1,1,Mid-Level,kaggle_derived
547,5,43.7,0,1,1,3,2,3,6,66.8,49.8,1,1,Mid-Level,kaggle_derived
548,10,70.0,4,3,1,2,3,1,4,63.4,49.9,0,1,Mid-Level,kaggle_derived
549,4,42.0,0,1,1,2,3,0,14,70.8,60.2,2,1,Mid-Level,kaggle_derived
550,6,46.6,1,1,1,3,5,0,6,64.3,49.8,1,1,Mid-Level,kaggle_derived
551,9,47.6,0,4,2,3,4,0,9,61.1,51.3,1,1,Mid-Level,kaggle_derived
552,5,42.0,2,0,0,3,5,4,4,58.2,41.0,1,1,Mid-Level,kaggle_derived
553,7,59.7,2,1,1,3,2,2,9,57.3,54.0,1,1,Mid-Level,kaggle_derived
554,6,56.5,2,1,1,2,2,1,3,68.4,50.1,1,1,Mid-Level,kaggle_derived
555,4,59.4,2,1,0,1,4,0,12,72.3,65.3,2,1,Mid-Level,kaggle_derived
556,6,66.0,3,1,1,1,5,4,7,70.6,56.9,0,1,Mid-Level,kaggle_derived
557,8,42.0,0,3,0,5,3,0,16,54.6,49.3,0,1,Mid-Level,kaggle_derived
558,11,42.0,0,1,1,9,5,4,10,68.3,53.0,1,1,Mid-Level,kaggle_derived
559,4,59.8,1,1,0,2,4,3,6,57.4,51.7,1,1,Mid-Level,kaggle_derived
560,5,62.5,1,2,1,1,3,2,3,56.4,50.4,2,1,Mid-Level,kaggle_derived
561,8,58.9,1,3,1,3,3,4,7,49.5,52.0,2,1,Mid-Level,kaggle_derived
562,10,42.0,1,1,5,3,4,1,9,70.3,50.0,0,1,Mid-Level,kaggle_derived
563,4,50.2,0,1,2,1,5,3,6,62.4,53.3,2,1,Mid-Level,kaggle_derived
564,12,53.4,0,5,1,6,4,1,12,61.2,55.8,1,1,Mid-Level,kaggle_derived
565,11,46.5,1,3,1,6,4,1,4,67.2,49.2,2,1,Mid-Level,kaggle_derived
566,6,69.2,2,2,1,1,3,2,10,64.2,63.9,2,1,Mid-Level,kaggle_derived
567,7,70.0,5,0,1,1,2,1,13,63.0,63.1,1,1,Mid-Level,kaggle_derived
568,4,42.5,0,2,0,2,5,1,9,70.6,53.3,1,1,Mid-Level,kaggle_derived
569,5,53.1,0,2,1,2,4,3,7,54.0,51.8,2,1,Mid-Level,kaggle_derived
570,9,63.7,5,1,1,2,4,4,4,64.9,54.3,2,1,Mid-Level,kaggle_derived
571,10,42.0,1,2,1,6,2,4,15,60.8,57.0,2,1,Mid-Level,kaggle_derived
572,7,42.0,2,0,1,4,3,0,13,68.0,52.3,0,1,Mid-Level,kaggle_derived
573,11,46.1,0,2,3,6,5,2,12,57.1,51.6,1,1,Mid-Level,kaggle_derived
574,5,56.2,1,2,0,2,5,0,14,72.8,63.0,1,1,Mid-Level,kaggle_derived
575,4,54.9,0,2,1,1,4,4,6,76.3,57.5,1,1,Mid-Level,kaggle_derived
576,12,42.0,2,3,0,7,4,3,5,64.8,44.6,0,1,Mid-Level,kaggle_derived
577,7,70.0,4,1,1,1,4,4,7,69.2,63.8,2,1,Mid-Level,kaggle_derived
578,10,42.0,1,1,3,5,5,2,5,65.0,44.7,0,1,Mid-Level,kaggle_derived
579,11,47.7,3,0,1,7,2,0,7,66.4,54.9,2,1,Mid-Level,kaggle_derived
580,5,48.3,2,0,1,2,4,3,3,59.6,46.7,2,1,Mid-Level,kaggle_derived
581,12,45.8,2,1,2,7,2,0,4,65.5,48.2,2,1,Mid-Level,kaggle_derived
582,9,70.0,7,0,1,1,5,1,8,58.6,54.3,0,1,Mid-Level,kaggle_derived
583,4,54.9,1,0,1,2,4,2,8,67.7,58.7,2,1,Mid-Level,kaggle_derived
584,7,65.0,3,2,0,2,4,1,13,58.4,59.5,1,1,Mid-Level,kaggle_derived
585,4,42.8,0,1,1,2,4,1,8,70.9,49.7,0,1,Mid-Level,kaggle_derived
586,11,66.8,6,1,1,3,3,0,14,60.3,61.7,1,1,Mid-Level,kaggle_derived
587,11,57.4,1,4,3,3,4,4,11,55.3,54.0,1,1,Mid-Level,kaggle_derived
588,12,68.0,5,2,1,4,3,3,6,62.1,59.4,2,1,Mid-Level,kaggle_derived
589,7,49.6,1,1,3,2,2,2,7,56.9,48.7,1,1,Mid-Level,kaggle_derived
590,11,42.7,2,3,1,5,4,2,16,53.0,48.9,0,1,Mid-Level,kaggle_derived
591,12,59.6,4,3,1,4,4,2,3,61.0,45.3,0,1,Mid-Level,kaggle_derived
592,5,51.0,1,1,1,2,5,4,11,70.5,57.8,1,1,Mid-Level,kaggle_derived
593,7,45.8,1,2,2,2,2,2,7,57.4,47.6,1,1,Mid-Level,kaggle_derived
594,4,70.0,2,1,1,0,5,0,12,74.4,63.9,0,1,Mid-Level,kaggle_derived
595,5,56.5,1,2,1,1,3,3,16,55.5,60.8,2,1,Mid-Level,kaggle_derived
596,6,68.5,2,2,1,1,3,2,5,48.7,53.5,2,1,Mid-Level,kaggle_derived
597,4,48.0,1,1,0,2,4,3,9,60.2,51.1,1,1,Mid-Level,kaggle_derived
598,5,62.4,2,1,1,1,3,0,7,61.9,52.2,0,1,Mid-Level,kaggle_derived
599,5,49.5,2,1,0,2,2,4,15,62.0,57.1,1,1,Mid-Level,kaggle_derived
600,12,53.5,1,3,4,4,5,1,13,48.4,48.5,0,1,Mid-Level,kaggle_derived
601,12,42.0,2,1,3,6,3,4,4,66.4,47.3,2,1,Mid-Level,kaggle_derived
602,5,42.5,0,1,1,3,5,2,4,71.9,46.6,1,1,Mid-Level,kaggle_derived
603,9,55.6,1,4,1,3,5,0,10,71.4,62.0,2,1,Mid-Level,kaggle_derived
604,5,46.4,0,2,1,2,3,1,11,70.2,53.1,0,1,Mid-Level,kaggle_derived
605,11,52.3,1,4,3,3,3,1,10,55.3,48.4,0,1,Mid-Level,kaggle_derived
606,5,60.6,1,2,1,1,3,4,10,62.4,54.2,0,1,Mid-Level,kaggle_derived
607,12,49.5,0,7,0,5,4,0,16,60.1,60.2,2,1,Mid-Level,kaggle_derived
608,8,63.4,2,2,2,2,2,1,4,64.3,50.9,1,1,Mid-Level,kaggle_derived
609,9,47.8,1,3,0,5,5,0,12,65.1,52.4,0,1,Mid-Level,kaggle_derived
610,5,51.3,1,1,1,2,3,2,6,57.0,48.6,1,1,Mid-Level,kaggle_derived
611,5,68.6,2,2,0,1,3,4,4,62.4,52.0,1,1,Mid-Level,kaggle_derived
612,8,54.0,3,1,1,3,5,0,4,54.1,40.5,0,1,Mid-Level,kaggle_derived
613,12,47.3,2,2,3,5,4,0,9,64.7,52.6,1,1,Mid-Level,kaggle_derived
614,8,70.0,3,3,0,2,5,3,8,68.1,58.1,0,1,Mid-Level,kaggle_derived
615,7,49.4,1,1,1,4,5,0,14,64.3,60.2,2,1,Mid-Level,kaggle_derived
616,8,42.0,0,1,4,3,3,0,8,59.8,45.0,0,1,Mid-Level,kaggle_derived
617,6,65.5,3,2,0,1,4,3,13,62.6,64.4,2,1,Mid-Level,kaggle_derived
618,11,56.8,3,2,2,4,5,4,13,64.2,56.0,0,1,Mid-Level,kaggle_derived
619,11,42.0,1,3,1,6,3,3,8,64.0,49.7,1,1,Mid-Level,kaggle_derived
620,10,47.3,2,1,4,3,4,2,6,72.3,53.3,1,1,Mid-Level,kaggle_derived
621,6,61.7,3,1,0,2,4,3,4,61.5,46.2,0,1,Mid-Level,kaggle_derived
622,11,56.7,2,3,5,1,4,0,3,65.4,46.0,0,1,Mid-Level,kaggle_derived
623,5,48.9,0,2,1,2,2,0,3,57.6,46.2,2,1,Mid-Level,kaggle_derived
624,7,45.1,0,1,2,4,3,1,13,62.3,54.1,1,1,Mid-Level,kaggle_derived
625,10,51.0,3,2,1,4,4,4,3,57.9,41.0,0,1,Mid-Level,kaggle_derived
626,12,53.2,3,2,1,6,4,1,10,64.6,55.5,1,1,Mid-Level,kaggle_derived
627,5,59.7,0,2,2,1,3,1,5,63.7,50.4,0,1,Mid-Level,kaggle_derived
628,8,58.2,2,1,1,4,2,1,14,61.7,62.3,2,1,Mid-Level,kaggle_derived
629,6,55.5,1,3,1,1,3,4,5,64.9,49.4,0,1,Mid-Level,kaggle_derived
630,10,52.5,2,4,0,4,2,2,15,67.5,57.4,0,1,Mid-Level,kaggle_derived
631,7,70.0,4,0,1,2,2,2,9,55.3,59.8,2,1,Mid-Level,kaggle_derived
632,5,57.6,1,1,1,2,3,4,7,60.8,56.1,2,1,Mid-Level,kaggle_derived
633,5,47.8,0,2,1,2,3,2,3,69.2,44.4,0,1,Mid-Level,kaggle_derived
634,8,43.7,1,1,1,5,5,0,12,63.9,56.5,2,1,Mid-Level,kaggle_derived
635,9,61.0,4,2,1,2,4,2,6,60.3,50.3,0,1,Mid-Level,kaggle_derived
636,5,43.9,1,1,1,2,5,1,16,65.6,57.4,1,1,Mid-Level,kaggle_derived
637,9,58.6,1,5,1,2,4,1,4,65.8,52.8,2,1,Mid-Level,kaggle_derived
638,12,49.0,1,1,2,8,2,2,6,72.1,56.8,2,1,Mid-Level,kaggle_derived
639,11,48.1,1,5,1,4,4,1,12,69.3,54.2,0,1,Mid-Level,kaggle_derived
640,7,42.0,0,2,1,4,3,2,12,65.7,53.6,1,1,Mid-Level,kaggle_derived
641,9,64.6,5,1,2,1,2,0,10,59.5,57.4,1,1,Mid-Level,kaggle_derived
642,9,66.2,4,1,1,3,4,0,5,66.7,59.9,2,1,Mid-Level,kaggle_derived
643,6,70.0,3,1,1,1,5,0,16,60.2,64.4,1,1,Mid-Level,kaggle_derived
644,10,56.8,0,5,2,3,2,4,11,66.0,58.1,1,1,Mid-Level,kaggle_derived
645,10,42.0,0,2,2,6,2,1,8,62.3,49.0,1,1,Mid-Level,kaggle_derived
646,10,55.1,1,2,4,3,3,4,11,71.7,62.8,2,1,Mid-Level,kaggle_derived
647,11,60.5,1,5,1,4,4,0,11,58.6,59.4,2,1,Mid-Level,kaggle_derived
648,4,51.5,1,0,2,1,2,4,10,66.9,58.8,2,1,Mid-Level,kaggle_derived
649,4,57.9,1,1,1,1,3,2,4,60.0,44.3,0,1,Mid-Level,kaggle_derived
650,10,64.8,4,1,2,3,3,2,5,61.8,51.4,0,1,Mid-Level,kaggle_derived
651,5,42.0,0,1,1,3,4,1,10,69.9,50.7,0,1,Mid-Level,kaggle_derived
652,10,52.4,2,3,2,3,5,3,11,52.9,48.3,0,1,Mid-Level,kaggle_derived
653,6,51.1,1,2,1,2,3,0,4,48.0,43.1,2,1,Mid-Level,kaggle_derived
654,6,70.0,4,0,1,1,4,3,7,75.9,63.5,1,1,Mid-Level,kaggle_derived
655,5,42.0,0,1,1,3,2,0,3,61.1,39.1,0,1,Mid-Level,kaggle_derived
656,9,56.2,1,4,1,3,2,0,13,63.2,58.4,1,1,Mid-Level,kaggle_derived
657,12,52.0,2,1,7,2,3,0,13,65.5,54.8,0,1,Mid-Level,kaggle_derived
658,8,59.5,0,3,3,2,3,1,14,67.0,61.8,1,1,Mid-Level,kaggle_derived
659,10,51.2,1,4,1,4,5,0,15,61.5,57.5,1,1,Mid-Level,kaggle_derived
660,18,60.0,4,2,4,8,3,0,23,86.8,73.7,1,2,Senior,kaggle_derived
661,8,66.9,3,3,1,1,3,2,20,76.8,72.1,1,2,Senior,kaggle_derived
662,15,64.4,6,1,4,4,4,2,23,71.6,72.2,2,2,Senior,kaggle_derived
663,17,60.0,5,1,3,8,5,1,17,74.4,70.4,2,2,Senior,kaggle_derived
664,18,60.0,3,2,7,6,4,2,18,78.4,76.8,4,2,Senior,kaggle_derived
665,9,60.0,2,2,1,4,5,1,19,89.1,80.6,3,2,Senior,kaggle_derived
666,13,60.0,2,1,3,7,4,0,17,78.1,71.8,2,2,Senior,kaggle_derived
667,12,61.5,1,4,6,1,4,2,26,71.7,74.2,3,2,Senior,kaggle_derived
668,15,60.0,0,3,2,10,5,0,21,76.9,75.8,3,2,Senior,kaggle_derived
669,16,67.3,7,2,3,4,5,1,18,89.7,82.8,3,2,Senior,kaggle_derived
670,11,67.4,6,2,1,2,6,0,14,75.5,71.0,2,2,Senior,kaggle_derived
671,10,60.0,3,2,2,3,6,1,18,82.1,77.2,3,2,Senior,kaggle_derived
672,17,60.0,4,1,2,10,6,1,26,77.6,73.0,2,2,Senior,kaggle_derived
673,14,73.8,10,1,2,1,3,2,17,75.9,75.8,2,2,Senior,kaggle_derived
674,15,60.0,0,3,3,9,6,1,9,69.7,59.1,1,2,Senior,kaggle_derived
675,13,60.0,2,2,2,7,3,0,20,79.7,77.9,4,2,Senior,kaggle_derived
676,15,70.4,7,2,4,2,6,0,26,68.3,76.0,3,2,Senior,kaggle_derived
677,8,60.0,1,3,2,2,6,1,25,72.4,75.0,4,2,Senior,kaggle_derived
678,15,70.1,7,3,2,3,3,1,22,73.7,75.0,2,2,Senior,kaggle_derived
679,18,60.0,0,3,8,7,5,1,20,67.4,73.0,4,2,Senior,kaggle_derived
680,11,60.0,2,4,1,4,6,0,22,83.6,75.4,2,2,Senior,kaggle_derived
681,18,60.0,0,3,4,11,5,2,13,69.5,68.2,3,2,Senior,kaggle_derived
682,11,60.0,3,1,2,5,4,0,24,67.7,73.1,4,2,Senior,kaggle_derived
683,14,60.0,1,5,3,5,4,1,22,67.1,71.8,3,2,Senior,kaggle_derived
684,12,60.0,2,3,2,5,3,0,20,70.8,70.3,2,2,Senior,kaggle_derived
685,8,60.0,1,3,2,2,6,2,15,71.2,71.5,4,2,Senior,kaggle_derived
686,8,66.0,4,1,2,1,3,1,20,71.5,69.7,1,2,Senior,kaggle_derived
687,10,60.0,1,4,3,2,6,1,16,70.3,64.9,1,2,Senior,kaggle_derived
688,9,60.0,3,0,1,5,3,2,11,87.0,67.6,1,2,Senior,kaggle_derived
689,10,60.0,1,2,2,5,6,1,23,75.6,69.2,1,2,Senior,kaggle_derived
690,10,87.0,10,0,0,0,3,2,20,82.6,84.5,2,2,Senior,kaggle_derived
691,9,65.7,5,1,2,1,5,2,9,73.3,62.5,1,2,Senior,kaggle_derived
692,15,60.0,2,0,5,8,3,2,22,83.8,78.5,3,2,Senior,kaggle_derived
693,16,87.0,15,0,0,1,3,0,21,81.1,86.9,3,2,Senior,kaggle_derived
694,8,71.4,5,0,1,2,6,2,15,82.8,76.1,2,2,Senior,kaggle_derived
695,13,60.0,4,1,1,7,3,2,21,84.1,72.6,1,2,Senior,kaggle_derived
696,10,60.0,1,1,2,6,5,0,19,81.1,74.4,2,2,Senior,kaggle_derived
697,15,82.3,15,0,0,0,6,0,14,75.5,76.2,2,2,Senior,kaggle_derived
698,18,60.0,8,3,1,6,6,1,23,86.5,76.6,2,2,Senior,kaggle_derived
699,8,60.0,0,1,3,4,6,1,15,77.5,70.0,2,2,Senior,kaggle_derived
700,14,63.8,4,7,0,3,5,1,24,83.3,76.7,2,2,Senior,kaggle_derived
701,10,60.0,2,1,3,4,3,1,20,74.8,74.9,3,2,Senior,kaggle_derived
702,12,72.1,9,1,1,1,3,1,15,79.6,75.1,2,2,Senior,kaggle_derived
703,16,60.0,2,3,4,7,5,1,23,84.2,75.7,2,2,Senior,kaggle_derived
704,15,60.0,2,2,9,2,6,0,14,76.9,73.0,4,2,Senior,kaggle_derived
705,12,65.0,7,1,1,3,5,0,21,65.3,66.9,1,2,Senior,kaggle_derived
706,13,60.0,3,4,2,4,4,2,9,73.0,63.4,2,2,Senior,kaggle_derived
707,10,63.4,3,3,2,2,3,2,17,85.4,80.0,4,2,Senior,kaggle_derived
708,11,79.5,7,3,0,1,6,0,25,85.7,86.1,3,2,Senior,kaggle_derived
709,14,60.0,0,4,1,9,5,1,23,78.2,76.3,3,2,Senior,kaggle_derived
710,17,61.7,5,5,2,5,5,2,16,73.6,73.8,4,2,Senior,kaggle_derived
711,10,76.5,7,2,0,1,6,0,13,78.3,77.5,3,2,Senior,kaggle_derived
712,15,60.0,3,6,1,5,4,0,25,72.0,74.8,4,2,Senior,kaggle_derived
713,9,60.0,0,1,3,5,6,2,26,79.9,71.0,1,2,Senior,kaggle_derived
714,17,60.0,7,2,1,7,4,2,22,79.2,77.7,4,2,Senior,kaggle_derived
715,16,60.0,3,2,3,8,4,1,18,70.5,73.6,4,2,Senior,kaggle_derived
716,16,60.0,2,4,4,6,6,2,11,80.8,68.1,2,2,Senior,kaggle_derived
717,15,60.0,0,6,4,5,6,0,16,89.1,75.4,2,2,Senior,kaggle_derived
718,8,69.5,6,0,1,1,6,1,19,77.2,80.2,4,2,Senior,kaggle_derived
719,9,69.4,1,6,1,1,4,2,12,70.2,65.0,1,2,Senior,kaggle_derived
720,12,82.9,12,0,0,0,6,0,11,66.4,73.4,3,2,Senior,kaggle_derived
721,15,60.0,2,4,3,6,3,0,8,83.7,66.9,2,2,Senior,kaggle_derived
722,16,87.0,16,0,0,0,5,0,10,81.8,77.2,2,2,Senior,kaggle_derived
723,11,66.7,5,1,2,3,5,1,12,75.7,73.2,4,2,Senior,kaggle_derived
724,13,60.0,2,1,1,9,4,1,17,79.5,69.4,1,2,Senior,kaggle_derived
725,10,60.0,1,4,1,4,4,2,9,64.4,64.0,4,2,Senior,kaggle_derived
726,17,60.0,4,1,6,6,5,0,11,74.9,69.8,4,2,Senior,kaggle_derived
727,18,65.5,8,1,3,6,4,1,19,85.8,78.2,2,2,Senior,kaggle_derived
728,10,83.2,8,0,0,2,3,1,17,79.3,80.4,2,2,Senior,kaggle_derived
729,18,67.7,7,3,5,3,5,1,10,79.4,73.5,4,2,Senior,kaggle_derived
730,15,60.0,0,1,3,11,5,2,18,82.4,74.4,2,2,Senior,kaggle_derived
731,14,60.5,5,3,3,3,5,2,12,77.1,71.6,4,2,Senior,kaggle_derived
732,16,64.3,2,7,4,3,5,1,24,78.6,71.9,1,2,Senior,kaggle_derived
733,13,60.0,2,1,2,8,3,2,8,84.7,71.3,4,2,Senior,kaggle_derived
734,14,60.0,0,3,4,7,4,1,16,79.6,74.6,3,2,Senior,kaggle_derived
735,12,60.0,2,1,6,3,6,2,24,74.3,71.7,2,2,Senior,kaggle_derived
736,18,71.9,10,2,1,5,3,2,15,75.3,70.3,1,2,Senior,kaggle_derived
737,17,60.0,2,8,2,5,4,0,9,82.3,67.1,2,2,Senior,kaggle_derived
738,15,60.0,6,4,1,4,4,2,12,69.9,61.6,1,2,Senior,kaggle_derived
739,14,75.5,9,2,1,2,3,1,16,81.1,74.7,1,2,Senior,kaggle_derived
740,11,60.0,1,6,1,3,5,0,9,83.6,64.6,1,2,Senior,kaggle_derived
741,13,72.7,7,1,2,3,6,1,10,78.4,74.8,4,2,Senior,kaggle_derived
742,10,60.0,2,4,1,3,5,1,22,68.5,73.4,4,2,Senior,kaggle_derived
743,13,60.0,3,4,2,4,3,0,25,71.8,67.7,1,2,Senior,kaggle_derived
744,13,60.0,3,1,5,4,3,0,20,84.9,76.0,2,2,Senior,kaggle_derived
745,13,60.0,1,5,1,6,6,0,22,79.2,76.7,3,2,Senior,kaggle_derived
746,17,65.3,5,5,4,3,5,1,25,86.0,82.3,4,2,Senior,kaggle_derived
747,14,60.0,4,1,1,8,3,1,10,77.6,63.0,1,2,Senior,kaggle_derived
748,16,63.7,8,1,3,4,6,2,14,69.2,71.2,4,2,Senior,kaggle_derived
749,15,60.0,6,1,1,7,5,1,14,71.9,71.0,4,2,Senior,kaggle_derived
750,11,60.0,1,3,2,5,4,1,18,85.8,79.7,4,2,Senior,kaggle_derived
751,13,60.0,1,4,2,6,4,2,24,80.8,78.3,4,2,Senior,kaggle_derived
752,12,60.0,2,5,3,2,4,2,13,72.4,70.4,4,2,Senior,kaggle_derived
753,8,87.0,8,0,0,0,4,2,19,79.8,86.4,3,2,Senior,kaggle_derived
754,17,60.0,1,0,4,12,6,0,22,86.3,73.5,1,2,Senior,kaggle_derived
755,15,86.2,15,0,0,0,6,2,13,80.2,82.7,4,2,Senior,kaggle_derived
756,18,60.0,4,4,6,4,5,1,8,79.0,62.0,1,2,Senior,kaggle_derived
757,16,67.2,10,1,2,3,5,1,12,79.4,70.9,2,2,Senior,kaggle_derived
758,13,78.1,9,1,1,2,6,2,18,73.1,80.0,3,2,Senior,kaggle_derived
759,18,80.2,13,1,1,3,3,1,26,91.5,85.7,2,2,Senior,kaggle_derived
760,18,64.7,5,8,2,3,3,1,10,77.8,71.8,4,2,Senior,kaggle_derived
761,11,81.4,9,1,0,1,5,2,15,78.5,77.9,2,2,Senior,kaggle_derived
762,13,61.2,6,2,3,2,6,1,22,92.0,83.2,4,2,Senior,kaggle_derived
763,18,77.9,14,1,1,2,3,0,9,85.2,71.5,1,2,Senior,kaggle_derived
764,14,60.0,2,4,1,7,5,2,22,72.1,74.8,4,2,Senior,kaggle_derived
765,14,60.0,1,6,2,5,3,2,13,92.0,71.2,1,2,Senior,kaggle_derived
766,15,63.5,5,3,3,4,5,1,9,77.7,70.5,4,2,Senior,kaggle_derived
767,8,63.9,4,0,2,2,4,2,19,80.2,78.4,3,2,Senior,kaggle_derived
768,16,60.0,2,8,3,3,4,1,19,79.0,77.6,4,2,Senior,kaggle_derived
769,10,60.0,4,1,1,4,3,1,22,92.0,75.8,1,2,Senior,kaggle_derived
770,8,60.0,0,0,1,7,3,1,10,76.6,62.6,1,2,Senior,kaggle_derived
771,8,61.1,2,3,1,2,5,1,15,63.0,61.6,1,2,Senior,kaggle_derived
772,18,60.0,5,6,2,5,4,1,16,81.6,76.4,4,2,Senior,kaggle_derived
773,16,63.6,6,3,2,5,3,2,19,74.9,77.2,4,2,Senior,kaggle_derived
774,12,60.0,0,1,3,8,5,1,16,77.8,67.9,1,2,Senior,kaggle_derived
775,10,60.0,2,0,3,5,3,2,17,74.0,73.2,3,2,Senior,kaggle_derived
776,10,60.0,2,2,2,4,6,1,16,79.0,71.4,2,2,Senior,kaggle_derived
777,12,69.6,5,3,1,3,6,0,22,71.7,71.0,1,2,Senior,kaggle_derived
778,17,74.9,11,1,1,4,3,1,9,80.6,74.7,3,2,Senior,kaggle_derived
779,17,60.0,1,3,3,10,6,1,25,89.6,74.8,1,2,Senior,kaggle_derived
780,10,60.0,3,1,1,5,6,0,13,83.2,73.7,3,2,Senior,kaggle_derived
781,9,64.7,5,1,1,2,4,0,20,74.6,76.5,3,2,Senior,kaggle_derived
782,17,60.0,2,2,1,12,5,1,18,77.9,72.6,2,2,Senior,kaggle_derived
783,14,60.0,4,4,2,4,4,2,21,67.9,73.2,4,2,Senior,kaggle_derived
784,15,60.0,4,1,3,7,4,2,10,81.7,67.7,2,2,Senior,kaggle_derived
785,17,71.9,9,4,1,3,4,0,8,72.5,66.6,2,2,Senior,kaggle_derived
786,11,78.4,8,1,0,2,5,0,22,84.2,82.1,2,2,Senior,kaggle_derived
787,14,60.0,5,1,2,6,3,1,12,72.8,62.7,1,2,Senior,kaggle_derived
788,18,60.0,4,5,4,5,6,0,26,82.7,79.1,4,2,Senior,kaggle_derived
789,16,60.0,3,1,7,5,4,2,19,65.8,65.3,1,2,Senior,kaggle_derived
790,18,60.0,4,4,4,6,5,2,17,79.2,69.3,1,2,Senior,kaggle_derived
791,17,60.0,3,6,4,4,5,1,8,78.5,61.8,1,2,Senior,kaggle_derived
792,16,60.0,2,7,0,7,5,1,21,73.2,75.3,4,2,Senior,kaggle_derived
793,12,60.0,4,2,1,5,5,2,10,80.2,67.1,2,2,Senior,kaggle_derived
794,16,68.2,4,8,1,3,5,1,22,78.0,73.1,1,2,Senior,kaggle_derived
795,18,85.3,16,1,0,1,4,2,13,71.0,71.7,1,2,Senior,kaggle_derived
796,11,60.0,4,2,2,3,4,1,25,78.4,77.4,4,2,Senior,kaggle_derived
797,17,60.0,3,2,6,6,6,0,11,72.7,64.9,2,2,Senior,kaggle_derived
798,17,87.0,16,0,0,1,4,1,21,81.3,84.0,2,2,Senior,kaggle_derived
799,17,60.0,1,3,3,10,5,1,12,63.0,64.8,3,2,Senior,kaggle_derived
800,12,60.0,5,1,3,3,5,0,8,79.4,62.2,1,2,Senior,kaggle_derived
801,11,60.0,2,1,3,5,4,2,25,79.3,76.7,3,2,Senior,kaggle_derived
802,11,60.0,3,2,1,5,5,2,8,73.6,65.8,3,2,Senior,kaggle_derived
803,16,69.0,9,1,3,3,5,0,19,87.6,77.2,1,2,Senior,kaggle_derived
804,12,60.6,1,7,2,2,6,0,15,79.8,75.1,4,2,Senior,kaggle_derived
805,12,60.0,0,4,3,5,5,1,20,85.4,73.2,1,2,Senior,kaggle_derived
806,12,60.0,1,4,2,5,5,2,8,81.3,68.9,3,2,Senior,kaggle_derived
807,13,60.0,2,5,4,2,6,1,12,76.0,70.0,3,2,Senior,kaggle_derived
808,12,87.0,12,0,0,0,3,1,21,66.7,81.1,3,2,Senior,kaggle_derived
809,16,65.9,2,6,6,2,4,0,11,74.4,71.6,4,2,Senior,kaggle_derived
810,15,70.5,11,1,1,2,4,2,10,76.1,73.1,4,2,Senior,kaggle_derived
811,12,60.0,0,4,2,6,3,1,17,72.0,73.4,4,2,Senior,kaggle_derived
812,17,74.9,10,2,1,4,6,2,16,80.5,80.2,3,2,Senior,kaggle_derived
813,10,60.0,3,1,1,5,5,1,11,82.8,71.9,3,2,Senior,kaggle_derived
814,10,62.6,3,3,2,2,5,0,24,63.0,71.1,3,2,Senior,kaggle_derived
815,16,60.0,1,2,3,10,3,2,18,80.3,76.5,3,2,Senior,kaggle_derived
816,16,80.9,12,1,1,2,5,0,23,68.3,80.6,4,2,Senior,kaggle_derived
817,8,60.0,4,1,1,2,6,1,14,85.1,72.2,2,2,Senior,kaggle_derived
818,15,65.5,8,2,2,3,3,2,17,80.8,71.8,1,2,Senior,kaggle_derived
819,18,60.0,3,5,1,9,3,0,24,74.8,74.9,3,2,Senior,kaggle_derived
820,16,60.0,2,2,4,8,5,2,25,88.2,77.3,2,2,Senior,kaggle_derived
821,15,60.0,0,2,6,7,5,2,21,63.0,64.2,1,2,Senior,kaggle_derived
822,12,60.0,2,2,4,4,3,1,20,81.5,74.6,2,2,Senior,kaggle_derived
823,11,62.3,5,2,2,2,3,2,22,67.1,72.6,3,2,Senior,kaggle_derived
824,12,87.0,12,0,0,0,3,0,19,73.8,85.0,4,2,Senior,kaggle_derived
825,16,60.0,1,5,3,7,6,1,11,74.2,65.5,2,2,Senior,kaggle_derived
826,14,60.0,1,2,5,6,5,0,11,83.3,69.1,2,2,Senior,kaggle_derived
827,14,66.0,6,3,3,2,5,0,13,76.3,67.0,1,2,Senior,kaggle_derived
828,13,60.0,4,2,2,5,6,1,24,69.7,73.9,4,2,Senior,kaggle_derived
829,15,62.2,6,2,4,3,5,1,24,85.0,79.8,3,2,Senior,kaggle_derived
830,12,60.0,4,3,1,4,6,0,19,89.4,74.8,1,2,Senior,kaggle_derived
831,18,60.0,7,3,3,5,5,1,10,85.2,66.1,1,2,Senior,kaggle_derived
832,16,60.0,0,3,4,9,3,2,19,70.7,73.3,3,2,Senior,kaggle_derived
833,17,60.0,7,4,2,4,5,2,10,69.3,59.7,1,2,Senior,kaggle_derived
834,18,84.4,18,0,0,0,6,0,16,85.5,85.5,3,2,Senior,kaggle_derived
835,14,60.0,3,2,2,7,6,0,9,70.2,62.3,2,2,Senior,kaggle_derived
836,13,68.2,9,1,0,3,6,0,9,78.3,71.4,3,2,Senior,kaggle_derived
837,13,60.3,0,5,6,2,6,2,17,84.2,77.4,3,2,Senior,kaggle_derived
838,12,60.0,1,4,3,4,4,0,15,72.4,65.0,1,2,Senior,kaggle_derived
839,8,60.0,0,3,2,3,4,1,8,73.7,62.9,2,2,Senior,kaggle_derived
840,15,60.0,0,7,2,6,6,0,23,71.4,67.6,1,2,Senior,kaggle_derived
841,11,63.7,4,3,2,2,3,2,9,81.1,64.9,1,2,Senior,kaggle_derived
842,14,60.0,2,2,2,8,4,2,9,79.5,69.0,3,2,Senior,kaggle_derived
843,12,60.0,1,7,2,2,3,0,15,80.5,74.2,3,2,Senior,kaggle_derived
844,13,60.0,2,1,2,8,6,1,15,69.1,63.6,1,2,Senior,kaggle_derived
845,13,60.0,5,3,1,4,4,2,25,86.4,79.6,3,2,Senior,kaggle_derived
846,12,60.0,2,2,2,6,6,0,14,63.0,67.4,4,2,Senior,kaggle_derived
847,10,60.0,2,5,1,2,3,0,16,74.6,72.6,3,2,Senior,kaggle_derived
848,13,60.0,4,2,1,6,3,0,14,79.1,69.8,2,2,Senior,kaggle_derived
849,11,73.7,5,2,3,1,4,0,25,85.4,84.0,3,2,Senior,kaggle_derived
850,13,74.6,6,4,1,2,5,0,14,81.9,80.1,4,2,Senior,kaggle_derived
851,11,60.0,3,2,1,5,6,0,17,75.9,75.0,4,2,Senior,kaggle_derived
852,15,60.0,3,4,1,7,6,2,16,74.3,72.5,3,2,Senior,kaggle_derived
853,11,60.0,0,3,3,5,6,2,21,85.0,73.0,1,2,Senior,kaggle_derived
854,14,78.9,10,1,0,3,6,1,9,80.8,77.1,4,2,Senior,kaggle_derived
855,9,60.0,1,1,1,6,3,1,24,87.0,73.8,1,2,Senior,kaggle_derived
856,11,60.0,1,1,1,8,5,2,20,71.5,73.6,3,2,Senior,kaggle_derived
857,14,60.0,2,3,4,5,4,1,26,77.6,77.0,4,2,Senior,kaggle_derived
858,10,82.6,10,0,0,0,6,0,22,72.8,79.0,2,2,Senior,kaggle_derived
859,12,60.0,3,1,1,7,4,1,25,69.5,73.8,4,2,Senior,kaggle_derived
860,18,60.0,4,5,3,6,6,0,15,74.1,68.6,2,2,Senior,kaggle_derived
861,9,66.7,6,1,1,1,5,1,23,88.0,76.5,1,2,Senior,kaggle_derived
862,11,67.3,5,3,1,2,6,0,17,82.6,80.2,4,2,Senior,kaggle_derived
863,12,60.0,3,4,1,4,6,1,11,72.5,67.8,3,2,Senior,kaggle_derived
864,14,76.8,6,5,2,1,6,2,8,74.8,66.2,1,2,Senior,kaggle_derived
865,11,60.0,2,3,3,3,5,2,26,77.1,75.8,3,2,Senior,kaggle_derived
866,9,80.9,7,1,0,1,4,0,18,92.0,82.5,1,2,Senior,kaggle_derived
867,17,60.0,7,3,2,5,5,0,18,79.7,70.3,1,2,Senior,kaggle_derived
868,13,60.0,2,1,4,6,3,1,15,84.6,75.8,3,2,Senior,kaggle_derived
869,18,63.0,3,5,9,1,5,2,20,68.3,73.4,3,2,Senior,kaggle_derived
870,11,60.0,2,1,4,4,4,0,18,82.8,71.5,1,2,Senior,kaggle_derived
871,17,66.8,11,1,2,3,3,1,23,79.0,76.0,2,2,Senior,kaggle_derived
872,15,60.5,4,5,2,4,4,1,26,70.4,74.3,4,2,Senior,kaggle_derived
873,12,60.0,2,3,1,6,3,2,19,81.1,74.4,2,2,Senior,kaggle_derived
874,16,60.0,3,2,2,9,4,0,18,84.3,72.1,1,2,Senior,kaggle_derived
875,15,60.0,3,4,3,5,3,2,20,76.6,76.6,4,2,Senior,kaggle_derived
876,11,60.0,1,3,3,4,6,2,20,69.5,66.8,1,2,Senior,kaggle_derived
877,12,60.0,1,3,3,5,5,0,26,79.7,73.9,2,2,Senior,kaggle_derived
878,16,69.2,10,1,2,3,4,0,19,63.0,70.4,2,2,Senior,kaggle_derived
879,16,60.0,2,6,3,5,3,1,9,81.3,70.7,4,2,Senior,kaggle_derived
880,12,62.7,3,7,0,2,4,0,14,69.4,63.9,1,2,Senior,kaggle_derived
881,14,63.6,3,6,3,2,4,0,19,80.1,72.3,1,2,Senior,kaggle_derived
882,10,60.0,2,2,4,2,3,0,15,65.6,65.2,2,2,Senior,kaggle_derived
883,14,61.9,9,1,0,4,4,2,14,78.4,74.2,4,2,Senior,kaggle_derived
884,18,87.0,18,0,0,0,3,0,22,79.7,86.3,3,2,Senior,kaggle_derived
885,8,60.0,1,1,1,5,6,0,15,77.4,73.0,3,2,Senior,kaggle_derived
886,13,79.6,9,2,0,2,6,1,21,71.6,80.5,3,2,Senior,kaggle_derived
887,17,60.0,4,5,1,7,3,0,16,89.5,79.6,4,2,Senior,kaggle_derived
888,18,60.0,3,2,4,9,4,1,19,78.4,70.4,1,2,Senior,kaggle_derived
889,17,60.0,3,7,4,3,4,1,9,67.3,61.1,2,2,Senior,kaggle_derived
890,15,60.0,1,3,3,8,3,0,12,76.2,71.1,4,2,Senior,kaggle_derived
891,11,61.4,3,4,1,3,4,1,10,74.7,62.4,1,2,Senior,kaggle_derived
892,14,74.7,9,1,2,2,5,2,21,91.6,87.8,4,2,Senior,kaggle_derived
893,12,60.0,2,2,0,8,4,2,18,71.9,67.2,1,2,Senior,kaggle_derived
894,13,60.0,7,0,1,5,3,2,8,78.2,64.7,2,2,Senior,kaggle_derived
895,12,60.0,3,1,2,6,6,2,21,63.0,70.2,3,2,Senior,kaggle_derived
896,18,69.9,10,2,2,4,5,0,10,79.4,73.2,3,2,Senior,kaggle_derived
897,18,60.0,4,1,3,10,6,2,10,74.4,64.8,2,2,Senior,kaggle_derived
898,15,61.3,7,1,2,5,6,2,14,78.9,73.2,3,2,Senior,kaggle_derived
899,18,60.0,5,3,1,9,6,1,17,79.1,75.2,3,2,Senior,kaggle_derived
900,12,60.0,5,2,3,2,3,2,10,74.3,64.7,2,2,Senior,kaggle_derived
901,9,71.2,5,1,1,2,3,2,8,64.2,60.0,1,2,Senior,kaggle_derived
902,10,60.0,1,2,1,6,6,0,23,69.4,72.8,3,2,Senior,kaggle_derived
903,12,60.0,1,6,2,3,6,1,23,90.4,75.2,1,2,Senior,kaggle_derived
904,12,60.0,2,5,2,3,5,2,15,80.8,74.3,3,2,Senior,kaggle_derived
905,12,64.9,4,3,1,4,3,0,24,77.4,71.7,1,2,Senior,kaggle_derived
906,8,60.0,1,2,1,4,5,1,10,76.6,68.6,3,2,Senior,kaggle_derived
907,15,60.0,5,3,3,4,3,0,16,66.8,66.5,2,2,Senior,kaggle_derived
908,13,61.7,4,2,3,4,6,2,23,90.2,81.7,3,2,Senior,kaggle_derived
909,9,60.0,1,2,2,4,3,2,21,65.7,71.3,3,2,Senior,kaggle_derived
910,17,83.9,16,0,0,1,5,1,14,78.7,81.0,3,3,Lead,kaggle_derived
911,15,91.8,15,0,0,0,6,1,31,91.0,93.5,6,3,Lead,kaggle_derived
912,15,72.0,7,3,2,3,7,0,31,82.7,82.3,3,3,Lead,kaggle_derived
913,21,72.0,8,4,6,3,8,1,13,81.1,78.0,6,3,Lead,kaggle_derived
914,21,72.0,12,3,2,4,8,1,18,86.9,83.4,3,3,Lead,kaggle_derived
915,21,86.9,21,0,0,0,5,1,32,89.3,90.1,3,3,Lead,kaggle_derived
916,17,72.0,9,4,1,3,7,0,35,89.8,85.1,3,3,Lead,kaggle_derived
917,21,72.0,1,3,3,14,5,1,17,90.7,84.1,3,3,Lead,kaggle_derived
918,22,76.8,14,0,5,3,4,1,30,80.6,80.1,2,3,Lead,kaggle_derived
919,24,72.0,15,2,1,6,8,1,20,83.8,82.7,3,3,Lead,kaggle_derived
920,23,92.2,23,0,0,0,6,0,24,88.3,92.6,4,3,Lead,kaggle_derived
921,15,72.0,6,3,4,2,5,0,26,75.2,80.3,5,3,Lead,kaggle_derived
922,16,72.0,7,3,4,2,7,1,14,78.9,78.0,4,3,Lead,kaggle_derived
923,12,72.0,9,1,0,2,6,1,30,80.0,82.2,5,3,Lead,kaggle_derived
924,15,72.0,3,4,2,6,6,0,19,78.7,81.7,6,3,Lead,kaggle_derived
925,13,92.2,13,0,0,0,5,0,15,74.0,82.9,3,3,Lead,kaggle_derived
926,22,78.1,15,1,3,3,8,1,19,83.2,85.6,4,3,Lead,kaggle_derived
927,16,74.5,10,2,1,3,7,1,27,87.4,86.0,5,3,Lead,kaggle_derived
928,16,72.0,5,4,2,5,5,1,34,89.7,85.1,3,3,Lead,kaggle_derived
929,24,72.0,9,1,4,10,4,1,15,76.1,77.6,6,3,Lead,kaggle_derived
930,13,77.3,9,0,2,2,7,1,36,96.0,89.5,3,3,Lead,kaggle_derived
931,20,72.0,2,7,1,10,4,1,13,85.8,79.9,5,3,Lead,kaggle_derived
932,19,89.8,19,0,0,0,6,0,16,93.6,91.7,5,3,Lead,kaggle_derived
933,25,72.0,5,12,2,6,8,1,16,89.8,82.9,3,3,Lead,kaggle_derived
934,23,72.0,1,7,8,7,8,0,33,80.0,78.2,2,3,Lead,kaggle_derived
935,19,75.8,15,1,1,2,5,1,19,86.7,82.2,2,3,Lead,kaggle_derived
936,12,72.0,1,3,2,6,6,0,23,77.1,81.0,4,3,Lead,kaggle_derived
937,16,72.0,7,3,3,3,8,0,27,85.6,84.4,6,3,Lead,kaggle_derived
938,24,72.0,5,2,1,16,6,1,33,88.5,81.6,2,3,Lead,kaggle_derived
939,23,72.0,0,6,4,13,4,0,31,91.6,86.8,5,3,Lead,kaggle_derived
940,20,74.0,18,0,0,2,4,0,18,87.4,85.3,5,3,Lead,kaggle_derived
941,19,72.0,6,3,3,7,6,0,33,88.7,85.7,4,3,Lead,kaggle_derived
942,16,74.5,14,0,1,1,5,1,35,77.3,81.0,3,3,Lead,kaggle_derived
943,23,72.0,9,6,4,4,8,0,31,78.0,80.4,3,3,Lead,kaggle_derived
944,25,72.0,2,4,8,11,8,1,29,86.9,84.0,3,3,Lead,kaggle_derived
945,14,72.0,4,2,1,7,7,1,17,91.6,84.4,3,3,Lead,kaggle_derived
946,22,72.0,8,4,1,9,4,1,19,81.7,82.9,5,3,Lead,kaggle_derived
947,13,72.0,0,3,1,9,6,1,28,87.0,85.0,4,3,Lead,kaggle_derived
948,18,72.0,10,3,1,4,7,0,31,82.1,83.0,5,3,Lead,kaggle_derived
949,21,89.3,19,1,0,1,4,0,20,87.1,90.1,3,3,Lead,kaggle_derived
950,16,81.5,16,0,0,0,4,1,27,77.9,80.7,2,3,Lead,kaggle_derived
951,23,91.8,23,0,0,0,5,1,16,89.7,90.8,5,3,Lead,kaggle_derived
952,13,75.4,8,1,2,2,5,0,19,94.3,89.1,5,3,Lead,kaggle_derived
953,22,86.2,20,0,1,1,7,1,37,81.4,83.7,2,3,Lead,kaggle_derived
954,20,72.0,7,4,2,7,4,0,34,91.1,86.6,4,3,Lead,kaggle_derived
955,23,74.2,14,3,3,3,8,0,20,78.5,82.4,5,3,Lead,kaggle_derived
956,22,72.0,10,8,1,3,6,1,23,79.1,81.8,5,3,Lead,kaggle_derived
957,19,72.0,8,3,2,6,4,1,12,82.3,77.7,6,3,Lead,kaggle_derived
958,24,90.1,24,0,0,0,5,0,36,88.5,91.9,4,3,Lead,kaggle_derived
959,13,72.0,6,2,1,4,8,0,12,87.5,79.8,6,3,Lead,kaggle_derived
960,14,74.1,9,1,0,4,7,1,35,87.5,85.9,5,3,Lead,kaggle_derived
961,16,72.0,2,2,2,10,4,0,30,89.9,86.2,4,3,Lead,kaggle_derived
962,17,76.7,10,1,2,4,5,0,16,81.0,78.0,2,3,Lead,kaggle_derived
963,18,73.7,15,1,1,1,5,0,25,83.1,83.0,3,3,Lead,kaggle_derived
964,20,85.8,20,0,0,0,8,0,15,91.9,88.8,6,3,Lead,kaggle_derived
965,21,80.7,18,1,0,2,8,0,20,79.0,83.8,3,3,Lead,kaggle_derived
966,24,76.0,16,3,1,4,5,1,15,74.0,78.2,5,3,Lead,kaggle_derived
967,17,72.0,5,0,1,11,6,1,36,88.7,81.7,2,3,Lead,kaggle_derived
968,12,72.0,3,3,2,4,7,1,14,86.6,80.0,3,3,Lead,kaggle_derived
969,24,72.0,5,8,1,10,8,0,32,91.5,86.8,4,3,Lead,kaggle_derived
970,21,79.2,17,3,0,1,4,0,33,87.2,87.6,4,3,Lead,kaggle_derived
971,13,81.4,13,0,0,0,4,0,32,81.8,86.2,6,3,Lead,kaggle_derived
972,22,72.0,9,6,2,5,5,0,35,83.0,83.4,5,3,Lead,kaggle_derived
973,13,72.0,5,4,1,3,5,0,31,90.4,82.4,2,3,Lead,kaggle_derived
974,20,72.0,4,3,6,7,8,0,30,94.0,87.8,5,3,Lead,kaggle_derived
975,13,72.0,4,6,2,1,7,0,20,83.2,83.5,4,3,Lead,kaggle_derived
976,17,72.0,11,1,0,5,5,1,23,92.4,86.2,3,3,Lead,kaggle_derived
977,16,72.0,5,2,4,5,8,1,15,92.4,83.2,3,3,Lead,kaggle_derived
978,17,80.3,17,0,0,0,5,0,31,82.0,81.9,2,3,Lead,kaggle_derived
979,20,72.0,6,4,7,3,8,1,32,88.8,84.7,3,3,Lead,kaggle_derived
980,16,72.0,5,5,1,5,7,1,27,83.8,82.7,3,3,Lead,kaggle_derived
981,23,72.0,0,5,12,6,7,1,32,81.8,81.9,3,3,Lead,kaggle_derived
982,24,87.0,21,1,0,2,8,0,19,85.6,89.7,6,3,Lead,kaggle_derived
983,20,72.0,1,11,4,4,7,0,37,92.5,87.2,6,3,Lead,kaggle_derived
984,25,72.0,9,7,6,3,6,1,28,74.0,79.8,5,3,Lead,kaggle_derived
985,19,92.3,18,0,0,1,5,1,17,85.2,90.0,4,3,Lead,kaggle_derived
986,12,72.0,4,1,4,3,6,0,13,93.1,82.8,6,3,Lead,kaggle_derived
987,13,72.0,0,3,6,4,6,0,34,85.9,80.6,2,3,Lead,kaggle_derived
988,23,72.0,3,2,10,8,8,1,15,76.7,73.9,2,3,Lead,kaggle_derived
989,25,87.3,25,0,0,0,7,1,23,89.8,91.5,6,3,Lead,kaggle_derived
990,14,72.0,3,5,1,5,8,0,21,87.6,85.2,5,3,Lead,kaggle_derived
991,13,72.0,4,3,4,2,4,1,29,86.6,84.8,6,3,Lead,kaggle_derived
992,25,72.0,15,5,1,4,4,0,30,80.1,82.2,6,3,Lead,kaggle_derived
993,25,72.0,14,5,2,4,4,1,37,87.7,84.3,3,3,Lead,kaggle_derived
994,18,72.0,5,7,2,4,7,0,16,81.3,80.5,5,3,Lead,kaggle_derived
995,22,72.0,6,1,7,8,8,0,31,86.0,84.6,5,3,Lead,kaggle_derived
996,15,85.7,15,0,0,0,6,1,20,74.0,80.6,2,3,Lead,kaggle_derived
997,20,72.0,11,2,2,5,6,1,12,86.3,75.3,2,3,Lead,kaggle_derived
998,21,72.0,4,1,13,3,8,1,27,83.0,82.4,3,3,Lead,kaggle_derived
999,12,72.0,2,1,3,6,5,1,12,81.4,73.4,2,3,Lead,kaggle_derived
